OBJECTID,MSSA_ID,Observed,Cond,LocalR2,Predicted,Intercept,C1_BR,C2_HR,C3_AFFL,C4_SInS,C5_SPoD,Residual,StdError,StdErr_Int,StdErrC1_B,StdErrC2_H,StdErrC3_A,StdErrC4_S,StdErrC5_S,StdResid,tValC1,tValC2,tValC3,tValC4,tValC5,pValC1,pValC2,pValC3,pValC4,pValC5
6,115.1,0.643544863,12.35146114,0.131369031,0.840833239,0.963505283,-2.092917587,-0.088311642,-0.06234651,0.04565273,-0.076656747,-0.197288376,0.182345897,0.245973877,4.06567619,0.47580544,0.06898682,0.100239055,0.088172383,-1.081945794,-0.514777245,-0.185604523,-0.903745226,0.455438556,-0.869396338,0.304642547,0.426803949,0.185526041,0.325516693,0.194674205
7,115.2a,0.819988419,14.75316668,0.176116634,0.817083711,0.979130513,-3.287638553,0.025574068,-0.0807311,0.076718392,-0.092755395,0.002904708,0.211737176,0.246216012,3.528919557,0.509572615,0.06976205,0.114766846,0.086828972,0.013718461,-0.931627514,0.050187289,-1.157235198,0.668471724,-1.06825398,0.178306486,0.480100141,0.126710077,0.253662231,0.145615975
8,115.2b,0.995169547,13.24730009,0.154422459,0.83027195,0.99662957,-2.594783034,-0.055376804,-0.076732547,0.041677684,-0.097488597,0.164897597,0.188788512,0.227819522,2.421524441,0.476882734,0.063583932,0.095484053,0.077599038,0.873451438,-1.071549389,-0.116122477,-1.206791468,0.43648842,-1.256311923,0.144882497,0.45404193,0.116980326,0.332308429,0.107816203
9,115.2c,0.695791179,13.50290382,0.162469671,0.750885356,0.932172122,-1.430772525,0.008303895,-0.074158392,0.086172892,-0.069556415,-0.055094177,0.187647071,0.238033948,3.218785883,0.477154418,0.071255245,0.107224437,0.079788856,-0.293605316,-0.444506897,0.017402952,-1.040742934,0.8036684,-0.871756016,0.329427478,0.493096915,0.151840017,0.212954557,0.194036806
10,115.2d,1.055926463,15.54385077,0.188063611,0.912768111,0.885722645,-0.884277329,0.109721789,-0.081063629,0.127353134,-0.05798008,0.143158352,0.191392509,0.24395086,2.366701921,0.519624334,0.069927259,0.128203705,0.074197206,0.747983048,-0.373632742,0.211155987,-1.159256489,0.993365473,-0.781432125,0.355235939,0.416870253,0.126302141,0.162981795,0.219366507
11,116a,0.63224307,16.43286426,0.328799664,0.845953862,0.678220213,1.617606221,0.131191827,0.03036218,0.096877157,0.046275266,-0.213710792,0.2178631,0.243059357,0.886751824,0.361072844,0.072834878,0.126242762,0.090494823,-0.980940748,1.82419272,0.363338948,0.416863187,0.767387817,0.511358159,0.037459286,0.359045792,0.339402649,0.223474748,0.305828496
12,116b,0.534530189,16.83480528,0.233897283,0.565458848,0.909287824,1.105666101,-0.010286198,-0.065671402,0.075109788,-0.075030853,-0.030928659,0.12065575,0.278083123,1.235574701,0.46463284,0.069266557,0.146178756,0.111355879,-0.256338045,0.894859776,-0.022138336,-0.948096806,0.513821504,-0.673793374,0.187865657,0.49121885,0.174129279,0.304973844,0.251983553
13,116c,0.884676042,16.40485138,0.282068532,0.796113927,0.77218549,1.578579784,0.061589459,0.007299165,0.069112649,-0.009266702,0.088562115,0.216007371,0.270002674,1.039182538,0.392966405,0.077563233,0.130147226,0.10551492,0.409995802,1.51905919,0.156729579,0.094105993,0.531034359,-0.087823622,0.067950595,0.438087465,0.4627261,0.299032758,0.465207679
14,116d,0.784395703,18.11727743,0.243615544,0.71777466,0.856746886,0.487475443,0.157373298,-0.07789639,0.133097193,-0.069010952,0.066621043,0.166503861,0.300963173,1.468864822,0.6005393,0.068230104,0.183463779,0.107295417,0.400117104,0.331872229,0.262053288,-1.141671878,0.725468499,-0.643186386,0.370780732,0.397251664,0.129882864,0.236002876,0.261720628
15,116e,0.818367116,15.93673467,0.359101854,0.897996574,0.678544658,1.578915032,0.172854484,0.04032064,0.086497474,0.026080694,-0.079629458,0.207704472,0.238071153,0.761873062,0.373150892,0.063585114,0.123291642,0.083461012,-0.38337864,2.072412205,0.463229454,0.634120758,0.701568026,0.312489549,0.022058839,0.322741554,0.264642589,0.243321501,0.378072372
16,116f,0.82971925,16.5797116,0.250997974,0.772213246,0.778681126,1.509850887,-0.00370855,-0.038093978,0.132127897,0.04222376,0.057506004,0.194577876,0.268967789,1.271062618,0.38834352,0.085142279,0.143818465,0.115208766,0.295542359,1.187865072,-0.009549663,-0.447415538,0.91871302,0.366497808,0.120629664,0.496211878,0.328385007,0.181627386,0.357875097
17,116g,0.578078139,17.31772386,0.245621307,0.73796599,0.920053661,1.0248583,0.006956274,-0.07056251,0.076371888,-0.087353917,-0.159887851,0.186557677,0.287833569,1.302348162,0.507939599,0.068551257,0.158565098,0.113775456,-0.857042459,0.786931121,0.01369508,-1.029339394,0.481643748,-0.767774707,0.217770246,0.494567579,0.154472792,0.316223015,0.223360972
18,116h,1.148413347,17.50960189,0.229469205,0.823999779,0.918909275,0.735021001,0.008273469,-0.08508506,0.103678856,-0.069150997,0.324413568,0.215852399,0.283098722,1.446592553,0.505695,0.070161772,0.154725478,0.108956604,1.50294168,0.508105064,0.016360592,-1.212698286,0.670082633,-0.634665494,0.306958829,0.493510341,0.115858124,0.25315344,0.26446653
19,116i,0.700043458,16.23548451,0.238033967,0.746118021,0.846565151,1.21266157,0.021277332,-0.030867421,0.068074506,-0.047896775,-0.046074563,0.202281721,0.262384162,1.011804588,0.417918718,0.064879893,0.134657501,0.100510037,-0.227774227,1.198513611,0.050912608,-0.475762523,0.505538168,-0.476537231,0.118566365,0.479812795,0.318298647,0.307852074,0.318024893
20,116j,0.92106507,16.73001309,0.253284456,0.859088466,0.84177026,1.160159923,0.050279964,-0.024593855,0.064259505,-0.056964282,0.061976604,0.204774819,0.27351091,1.002785135,0.471824706,0.060951574,0.150113154,0.100097993,0.302657351,1.156937696,0.106564925,-0.403498278,0.428073781,-0.569085151,0.126770199,0.457809271,0.344267978,0.335342776,0.28609605
21,116k,0.933522366,17.4358511,0.302904533,0.772982765,0.762405033,1.556771539,-0.016009749,-0.054425706,0.175106573,0.079231691,0.160539601,0.214865143,0.252044358,1.418991408,0.363793929,0.089676515,0.158928024,0.114130283,0.747164472,1.097097227,-0.044007742,-0.606911472,1.101797962,0.694221453,0.139283473,0.482548674,0.273514417,0.138270075,0.24559636
22,116l,0.824094691,16.403618,0.234852768,0.760383132,0.8181521,1.436252207,0.000661878,-0.030885651,0.08688657,-0.012006621,0.063711559,0.210963565,0.271773109,1.127806861,0.39460043,0.078695929,0.129134538,0.107985349,0.302002665,1.273491284,0.001677336,-0.39246821,0.672837578,-0.111187499,0.104765257,0.499334631,0.348303563,0.252284605,0.45598666
23,116m,0.738617574,18.52798916,0.287689408,0.738398006,0.929417619,0.548982124,-0.098055644,-0.136405643,0.21214613,0.028134837,0.000219568,0.170780307,0.296726554,2.508005996,0.442574446,0.08377996,0.14744268,0.107477084,0.001285673,0.218891871,-0.221557402,-1.628141664,1.438837996,0.261775223,0.413873238,0.412841756,0.05531768,0.078636233,0.397358168
24,116n,0.783282542,18.90267832,0.258173109,0.76162087,0.928042145,-1.245340515,0.060758273,-0.127580315,0.194398032,-0.020296624,0.021661672,0.188312552,0.277208686,2.683035171,0.499246406,0.066237895,0.149589455,0.099216715,0.115030423,-0.46415363,0.12169997,-1.926092551,1.29954369,-0.204568598,0.322413033,0.451845379,0.03028445,0.100262597,0.419426275
25,116o,0.811905016,18.79240542,0.247066983,0.804920763,0.889417718,-0.158741044,0.130385066,-0.095720974,0.150104351,-0.06196571,0.006984253,0.197008162,0.299344473,1.99507794,0.604949263,0.070486357,0.18118805,0.104875336,0.035451593,-0.079566337,0.21553058,-1.358007108,0.828445094,-0.590851118,0.468471477,0.415174834,0.090692396,0.205944924,0.278821623
26,116p,0.851689328,17.38237254,0.243843373,0.796456841,0.891150735,0.928531036,0.041863948,-0.056612453,0.075978978,-0.081348253,0.055232487,0.180237305,0.28853981,1.174799806,0.529761583,0.063865252,0.165356217,0.107403807,0.306443149,0.790373842,0.079024129,-0.886435922,0.459486673,-0.757405678,0.216774422,0.468685871,0.190101055,0.324073481,0.226422057
27,116q,0.950479753,16.55440451,0.204270159,0.812682953,0.872946663,1.256800751,-0.03800929,-0.07207611,0.108133934,-0.02322583,0.1377968,0.211596052,0.274097019,1.376451033,0.418087812,0.078175625,0.131660397,0.107952224,0.651225762,0.913073346,-0.090912217,-0.921976769,0.821309488,-0.21514916,0.183090083,0.463987482,0.180784371,0.207949026,0.415322593
28,116r,0.948506605,16.22617074,0.245121183,0.760269024,0.829239108,1.343584418,0.023983583,-0.023130328,0.068302007,-0.037154933,0.188237581,0.214237256,0.265302777,1.029819411,0.404169449,0.0690638,0.130595395,0.102730991,0.878640739,1.30467964,0.059340415,-0.334912477,0.523004713,-0.361672098,0.099392439,0.476474835,0.369641275,0.301797464,0.359664091
29,116s,0.6842419,16.22342135,0.287695599,0.765036824,0.779775457,1.359120947,0.093961692,0.003886112,0.068212078,-0.027885011,-0.080794924,0.186824821,0.260066337,0.906036822,0.423676064,0.061415966,0.136051767,0.093957114,-0.432463544,1.500072529,0.221777203,0.063275274,0.501368559,-0.296784453,0.070368784,0.412756728,0.474916945,0.309305554,0.3840138
30,116t,0.799740166,17.19170767,0.25476232,0.842997989,0.8309199,1.098124631,0.060508596,-0.020461677,0.066366884,-0.052844888,-0.043257823,0.193352586,0.283092503,0.9627309,0.514485181,0.058577123,0.16043767,0.097314817,-0.223725079,1.140635074,0.117609989,-0.34931174,0.413661483,-0.543030235,0.130096235,0.453455967,0.364260789,0.340565708,0.294924739
31,116u,0.843055528,16.40206397,0.356430592,0.87031128,0.71067783,1.468004186,0.164733177,0.032076517,0.077529247,-0.000193691,-0.027255752,0.194543732,0.25651593,0.781203364,0.427911955,0.05991279,0.136701189,0.088634687,-0.140100902,1.879157533,0.384969794,0.535386798,0.567143915,-0.002185268,0.033428318,0.351057231,0.297539148,0.286749338,0.499133144
32,116v,0.547242682,18.07529348,0.228565453,0.796805084,0.956623124,-2.367534373,0.080669866,-0.103536741,0.135133144,-0.072031788,-0.249562402,0.208226177,0.270050433,3.015100656,0.574081694,0.066942288,0.149642465,0.086508858,-1.198515984,-0.78522565,0.140519837,-1.546656731,0.903040077,-0.832652162,0.218264571,0.444445306,0.064554571,0.185711027,0.204768901
33,128,0.907989856,15.66247509,0.470270178,0.889165971,0.768945735,1.507014935,-0.123060067,-0.162255491,0.159135855,-0.186208689,0.018823885,0.124786672,0.182548963,1.842530877,0.250235085,0.059463778,0.049551428,0.239627385,0.150848524,0.817904847,-0.491777829,-2.728644169,3.211529146,-0.777075996,0.208909435,0.312660487,0.004552875,0.001234682,0.220635937
34,129.1,0.763374098,16.20082912,0.298811694,0.934713049,0.885122081,0.283896339,-0.242440728,-0.146206689,0.13589333,-0.214952606,-0.171338951,0.182325444,0.240327669,1.574596355,0.371978997,0.057923243,0.043963619,0.257385836,-0.939742403,0.180297851,-0.651759184,-2.524145421,3.091040587,-0.835137662,0.428873298,0.258973343,0.00764063,0.00172724,0.204076063
35,129.2,0.745055651,15.84266535,0.525798408,0.880540883,0.813967477,0.908463463,-0.270969761,-0.171113965,0.171285851,-0.330633398,-0.135485232,0.185577521,0.233408263,1.498423792,0.333968722,0.057327193,0.042813092,0.249707019,-0.730073511,0.60627939,-0.81136269,-2.984865606,4.000782057,-1.324085319,0.273722309,0.21076247,0.002309364,0.000119207,0.096156148
36,129.3,0.988025745,13.46678969,0.204808225,1.018926662,1.033717291,0.181970861,-0.376679393,-0.121235465,0.056641627,-0.081658439,-0.030900917,0.208344229,0.220486739,1.588587692,0.378318251,0.054366379,0.066974686,0.210437359,-0.148316646,0.11454883,-0.995668045,-2.229971304,0.845716944,-0.388041553,0.454661937,0.162427891,0.015449723,0.201143257,0.34992819
37,129.4,1.126194096,13.03814141,0.355803203,1.057094877,1.05108236,-0.344460175,-0.323494124,-0.152971713,0.15705055,-0.07534112,0.069099219,0.199660403,0.232931723,1.518412652,0.34840252,0.048709773,0.051888417,0.216444687,0.346083741,-0.226855443,-0.928506843,-3.140472714,3.026697629,-0.348084867,0.410793425,0.179105304,0.00150616,0.002060926,0.364718169
38,131a,0.561838908,12.95534958,0.195125033,0.935912856,0.928811886,-1.04465972,0.001978047,-0.071535758,0.041023747,-0.108251923,-0.374073948,0.206451091,0.236248524,1.67852951,0.562389341,0.052109681,0.094471455,0.096972306,-1.811925264,-0.622366014,0.00351722,-1.372792084,0.43424489,-1.116317928,0.268456684,0.498604784,0.088386889,0.333116353,0.135172697
39,131b,0.893117487,14.14452693,0.21170813,0.880087109,0.865790174,-0.652794871,0.137624386,-0.072406784,0.053660337,-0.142665788,0.013030378,0.195999293,0.237731389,1.558865585,0.614360274,0.051021995,0.09355073,0.144092365,0.066481758,-0.41876277,0.224012509,-1.419128819,0.573596132,-0.990099567,0.338713347,0.411892253,0.081453553,0.284580792,0.163769614
40,131c,0.987153472,12.95300372,0.201042322,0.921131231,0.854662013,-0.526687442,0.124305247,-0.065217699,0.054489861,-0.113251111,0.066022241,0.200646211,0.23038386,1.753068523,0.627957877,0.047708704,0.095359354,0.134623346,0.329048031,-0.300437453,0.197951569,-1.366997918,0.571416001,-0.841244218,0.382629248,0.421997342,0.089284968,0.285312612,0.20237999
41,132,1.159973226,16.30376819,0.190019304,1.210066962,0.985268925,-0.272813042,-0.117228136,-0.078214053,0.006815308,-0.089684184,-0.050093736,0.116574504,0.24415586,1.451156501,0.508805829,0.049801994,0.093333655,0.185076189,-0.429714341,-0.187996982,-0.23039857,-1.570500438,0.073020909,-0.484579806,0.425871681,0.409424979,0.061731505,0.47106021,0.315189038
42,133.1,1.128347127,16.49843269,0.230967285,1.028793498,0.966157245,-0.352875291,-0.077847057,-0.083670353,0.03301325,-0.093585744,0.099553629,0.206690531,0.214690202,1.459734176,0.496519374,0.044727832,0.096045174,0.140823588,0.481655491,-0.241739418,-0.156785537,-1.870655233,0.343726273,-0.664560142,0.405052603,0.438065545,0.034026618,0.366344663,0.254899975
43,133.2,1.325851602,17.10859399,0.210427064,0.98348573,0.998411413,-0.130975019,-0.137556583,-0.079577865,0.015833836,-0.062684039,0.342365872,0.206967326,0.225344866,1.420021722,0.496752085,0.042523662,0.101745793,0.165519836,1.65420252,-0.092234518,-0.27691194,-1.871378433,0.15562153,-0.378710131,0.463465193,0.391572246,0.033975375,0.438521562,0.353362208
44,133.3,1.027505822,20.65882116,0.256799956,0.90908053,1.110727751,-0.416752665,-0.400578684,-0.100332159,-0.004508242,-0.049370159,0.118425292,0.078878657,0.250876333,1.511399202,0.58867417,0.045550822,0.13686299,0.096417749,1.501360398,-0.275739636,-0.680476066,-2.202642104,-0.03293982,-0.512044305,0.392019486,0.249884163,0.016451916,0.486935776,0.305590329
45,134,0.829485303,16.78093016,0.199700577,1.014415861,1.102690753,0.384117458,-0.419570511,-0.074929219,-0.046143115,-0.009031648,-0.184930558,0.185503366,0.256038734,1.404942398,0.552656945,0.040908292,0.123108142,0.176125194,-0.996912142,0.273404417,-0.759187982,-1.83163889,-0.374817737,-0.051279706,0.392910823,0.225894158,0.036890218,0.354798309,0.479667368
46,135a,1.147784376,26.3694746,0.339127963,1.001647965,0.808124225,1.188777435,0.056334184,-0.064417738,0.056165844,0.051097429,0.146136411,0.207527524,0.376023706,1.358276364,0.850335364,0.045732398,0.187438201,0.156960417,0.704178454,0.875210278,0.066249373,-1.408579933,0.299649933,0.32554341,0.193106111,0.473739701,0.082993483,0.382927601,0.373156469
47,135b,0.674498775,25.98068042,0.277834216,0.945025964,1.034385529,0.361520417,-0.306192872,-0.087052021,0.003834104,-0.006314142,-0.270527189,0.204704246,0.351962883,1.412952533,0.816159978,0.042862973,0.187959493,0.128977834,-1.321551426,0.255861686,-0.375162812,-2.030937559,0.020398564,-0.048955247,0.399625025,0.354670907,0.02416525,0.491908827,0.480588256
48,135c,0.920270606,25.55833894,0.342128058,0.923277438,0.860700708,0.85612856,-0.014426239,-0.07430153,0.057165095,0.038408155,-0.003006832,0.209134974,0.346012679,1.376225464,0.795525518,0.046009166,0.176066524,0.118338056,-0.01437747,0.622084522,-0.018134225,-1.614928853,0.324678957,0.324563006,0.26854837,0.492806879,0.056737676,0.373481361,0.373524947
49,135d,0.845544025,26.17221154,0.340902462,0.950254741,1.053450514,-0.113568775,-0.315095069,-0.10428992,0.033282441,0.005825851,-0.104710716,0.194923511,0.3846706,1.566219584,0.827952737,0.060217706,0.168964004,0.089523558,-0.537188743,-0.0725114,-0.380571323,-1.731881332,0.196979478,0.065076176,0.471261777,0.352676281,0.045150514,0.422375344,0.474204062
50,135e,0.70577829,25.53824195,0.39818087,0.799960364,0.818912337,0.638821803,0.093327605,-0.086386979,0.116319183,0.056333541,-0.094182074,0.207742825,0.330663612,1.411810742,0.709581373,0.052398234,0.148947758,0.099713746,-0.453358976,0.452484022,0.13152488,-1.648662044,0.780939468,0.56495261,0.326571739,0.44797984,0.053170003,0.219509855,0.28748766
51,135f,0.755137344,21.086497,0.203737902,0.814104497,1.053420097,-1.613187472,-0.196100702,-0.101977479,0.040416213,-0.062927872,-0.058967153,0.19923501,0.349390891,1.876562069,0.746931442,0.0675498,0.157553104,0.074749144,-0.295967826,-0.859650474,-0.262541769,-1.509663663,0.256524387,-0.841854088,0.197320707,0.397064586,0.06913881,0.399370814,0.202211082
52,135g,1.010827098,21.38556453,0.25660537,1.053816361,0.935384725,0.80205557,-0.142008446,-0.070949674,0.011865771,0.004428742,-0.042989263,0.175373691,0.275837913,1.365215764,0.644159589,0.039808755,0.144988156,0.144750855,-0.24512949,0.587493634,-0.220455378,-1.782263092,0.081839587,0.030595622,0.279937634,0.413268132,0.040803842,0.467572717,0.487865198
54,144.2,1.653380098,12.30557506,0.473175032,1.146589529,1.100064609,-0.282661259,-0.342354072,-0.155139296,0.192959412,0.001550897,0.506790569,0.185734984,0.19641367,1.048867662,0.360345761,0.039021971,0.049357782,0.148424398,2.728568189,-0.269491824,-0.950071041,-3.975690934,3.909402037,0.010449074,0.394405533,0.173632894,0.000128816,0.000157953,0.495855116
55,144.3,1.256089174,15.78376597,0.622828959,1.254238284,0.499136314,4.082110052,-0.284316394,-0.206814607,0.237129904,-0.660009638,0.00185089,0.165837949,0.238164731,1.600639848,0.271571392,0.063437507,0.045921472,0.271464928,0.011160834,2.550298905,-1.046930578,-3.26013138,5.163813248,-2.431288792,0.007160058,0.150424433,0.001076404,0.0000028,0.00959334
56,145.1a,1.133079341,17.14519444,0.276240356,1.124421532,0.595573762,0.964443777,0.595529178,-0.043763801,0.116430823,-0.008110929,0.008657809,0.14952656,0.260059391,1.13790968,0.57909147,0.046346581,0.154182767,0.130969571,0.05790148,0.847557406,1.02838534,-0.944272466,0.7551481,-0.061929874,0.200635723,0.154694465,0.17509349,0.227091761,0.475449573
57,145.1b,0.99375008,16.10474326,0.187802166,1.016520628,0.860021293,0.861829251,0.057443199,-0.057960452,0.031958332,0.019146228,-0.022770548,0.203296181,0.241746644,1.142882695,0.54160515,0.045608412,0.136091078,0.140392888,-0.112006767,0.754083735,0.106061028,-1.270828126,0.23483047,0.136376052,0.227407902,0.458008006,0.105233937,0.407714874,0.446073041
58,145.2,0.895645055,16.16707089,0.22883201,0.945905801,0.440376572,0.00019295,1.086510216,-0.02621556,0.126739741,-0.100112616,-0.050260746,0.080554262,0.272471464,1.088613474,0.620832643,0.048632698,0.169592903,0.127433229,-0.623936523,0.000177244,1.750085516,-0.539052129,0.74731748,-0.7856084,0.49992969,0.043537414,0.296284069,0.229423624,0.218153574
59,146,0.988980264,14.14550768,0.178862104,1.009855715,1.084327399,0.250154317,-0.344476613,-0.095100689,0.03488969,0.03550523,-0.020875451,0.155759115,0.221052332,1.110840052,0.454572405,0.036262663,0.075850302,0.151343883,-0.134023947,0.225193822,-0.757803618,-2.622551148,0.459980899,0.234599701,0.411435574,0.226304129,0.005972261,0.323897469,0.407803874
60,149,1.462852066,13.03842683,0.138678132,1.079492814,0.73011074,-0.853228458,0.600232792,-0.077235895,0.114149036,-0.136225214,0.383359252,0.189075864,0.200526797,1.143287558,0.462630763,0.047238169,0.090175604,0.154550465,2.02754198,-0.746293837,1.297433807,-1.635031497,1.265852746,-0.881428694,0.229729475,0.100621725,0.054588815,0.106113737,0.191437779
61,151a,0.588420983,21.14764673,0.606417824,0.627031112,0.929614486,1.510713763,-0.128623678,-0.183122355,0.330770002,0.107621046,-0.038610129,0.17177702,0.31640951,2.337669713,0.506215453,0.082482274,0.15973521,0.103181658,-0.224768882,0.646247738,-0.254088803,-2.220141935,2.07073945,1.043024973,0.260737798,0.400305317,0.015803761,0.022140588,0.151316879
62,151b,1.195905767,23.30747333,0.534847925,1.012097159,0.482073924,1.98589465,0.601209004,-0.0758184,0.28980273,0.16990347,0.183808608,0.211433048,0.275739736,1.280248476,0.575643419,0.049451006,0.168427658,0.124757928,0.869346631,1.551179078,1.044412188,-1.533202374,1.720636229,1.361865112,0.064011299,0.150999479,0.06619278,0.046171593,0.090086388
63,151c,1.031641003,20.55074145,0.54072259,0.958278536,0.525726807,2.300652766,0.482749981,-0.090109406,0.327687155,0.193505772,0.073362467,0.194626697,0.256847432,1.464063253,0.503720741,0.059261723,0.177533534,0.117246435,0.376939382,1.571416236,0.958368282,-1.520532999,1.845776101,1.650419239,0.061625095,0.171556899,0.067765697,0.035829899,0.052989315
64,151d,0.934959119,19.85718456,0.552247213,0.94009001,0.44359539,2.482643784,0.609319972,-0.076999502,0.333169359,0.205650273,-0.005130891,0.189350389,0.238658863,1.375424418,0.484633514,0.052458422,0.174575271,0.116188192,-0.027097334,1.805001969,1.257279892,-1.467819625,1.908456779,1.769975676,0.038960193,0.107642557,0.074632926,0.031434727,0.041830209
65,151e,0.873821839,24.97439091,0.477402338,0.95164832,0.636918394,1.798448862,0.323703228,-0.065073525,0.162680629,0.131026021,-0.077826481,0.153071512,0.342496796,1.26289047,0.757719552,0.042311883,0.166000182,0.158077384,-0.508432171,1.424073507,0.427207173,-1.53794916,0.980002717,0.828872654,0.08073944,0.335655914,0.065611046,0.166221375,0.205825217
66,151f,0.895804793,24.66859893,0.37045652,0.971674888,0.792508876,1.473017928,0.050231637,-0.059504033,0.056343123,0.080021566,-0.075870095,0.157412518,0.338693033,1.336604452,0.768812257,0.043421157,0.164118966,0.158056177,-0.481982604,1.102059719,0.065336675,-1.370392622,0.343306593,0.506285597,0.138213798,0.474100951,0.088757951,0.366501407,0.307591857
67,151g,1.342496442,19.97589,0.339913415,1.244791381,0.903856153,1.516032347,-0.176726943,-0.055384071,0.00169373,0.095555744,0.097705061,0.177002468,0.279414793,1.25141029,0.638406795,0.041145414,0.132268913,0.149354451,0.551998297,1.211459071,-0.276824972,-1.346056953,0.012805204,0.63979174,0.116092897,0.39160542,0.092589365,0.494920546,0.262812754
68,151h,0.921697718,23.84494468,0.401413629,1.143829586,0.783120702,1.634387783,0.047140083,-0.058433813,0.064680131,0.104247159,-0.222131868,0.186793083,0.321927177,1.312239444,0.729754866,0.042149359,0.154036097,0.155433122,-1.189186796,1.245495089,0.064597148,-1.386351157,0.419902428,0.670688191,0.10977088,0.474393676,0.086312499,0.338300067,0.252962324
69,151i,1.233251712,18.98625756,0.271322558,0.943020884,0.934436396,1.191680187,-0.189528912,-0.060127955,-0.012222123,0.038526886,0.290230828,0.209542414,0.274293836,1.335209631,0.63140607,0.0385636,0.134175222,0.149040236,1.385069606,0.892504187,-0.300169608,-1.559189377,-0.091090763,0.258499903,0.188489051,0.382730713,0.063058047,0.463916956,0.398613271
70,151j,1.039882593,17.18418362,0.216302369,0.898127975,1.060202422,0.887706445,-0.404609419,-0.067310627,-0.051918224,0.020795116,0.141754618,0.198061662,0.26014009,1.354012401,0.595263278,0.037443263,0.131392816,0.154703285,0.715709523,0.655611754,-0.679715066,-1.797669881,-0.395137466,0.134419355,0.257743771,0.250122748,0.039546857,0.347325306,0.446841986
71,151k,1.188434694,18.79838222,0.294619462,1.1671663,0.934411216,1.326497494,-0.207785389,-0.056749049,-0.014290353,0.067184209,0.021268395,0.195708454,0.27386506,1.267321279,0.627490884,0.039341275,0.131347417,0.147558692,0.108673867,1.046693932,-0.331136904,-1.442481162,-0.108798124,0.455304989,0.150478404,0.371056502,0.078123925,0.456928637,0.325564358
72,151l,0.788375529,25.14006667,0.484754081,0.840564203,0.614629122,1.383132182,0.413813488,-0.078724372,0.22128159,0.136894667,-0.052188674,0.185880762,0.308787961,1.323413061,0.64191667,0.051113031,0.158681631,0.125926148,-0.280764259,1.04512508,0.644652971,-1.540201601,1.394500354,1.087102792,0.150836545,0.261249544,0.065336441,0.085083998,0.141455444
73,155,0.723302324,7.785450365,0.197831188,0.836655678,0.849700552,-1.236840186,0.185556067,-0.079565984,0.148631463,0.171467606,-0.113353354,0.214171948,0.126042494,1.530806199,0.329523738,0.041690362,0.076440392,0.083957389,-0.529263307,-0.807966539,0.563103794,-1.908498261,1.944410004,2.042317037,0.211728334,0.288111309,0.031431978,0.029128098,0.023570579
74,156a,0.774063003,11.67510595,0.095247907,0.870719775,0.986418519,-0.176580226,-0.314311833,-0.06434123,0.013606741,0.068592018,-0.096656772,0.2057349,0.192136538,1.782683586,0.583533054,0.051993284,0.089421916,0.092174857,-0.46981223,-0.099053038,-0.538635868,-1.237491166,0.152163378,0.744151065,0.460773035,0.296426479,0.111234096,0.43987684,0.230370471
75,156b,0.803736774,10.59257989,0.109855564,0.804978895,0.984304595,-0.384995021,-0.279441145,-0.067118492,0.022545432,0.084034895,-0.001242121,0.216818089,0.167298676,1.646724612,0.500586416,0.048047062,0.081243369,0.089016818,-0.005728861,-0.233794417,-0.558227583,-1.396932279,0.277504888,0.944033908,0.408114486,0.289759328,0.084720021,0.39134609,0.175153752
76,156c,0.94973949,9.276384934,0.129725035,0.710106024,0.969824951,-0.734749455,-0.195598089,-0.071778388,0.046040132,0.110168468,0.239633466,0.203571172,0.143150129,1.502479424,0.395268604,0.043290448,0.073023685,0.083758114,1.177148329,-0.489024638,-0.494848534,-1.658065237,0.630482173,1.315316953,0.313626571,0.311584557,0.052208954,0.265820158,0.097608393
77,156d,0.615816546,11.29434759,0.098718081,0.83630185,0.894288514,0.286649972,-0.042834092,-0.067655117,0.058848849,0.044692009,-0.220485304,0.182152754,0.185650108,1.836235982,0.570447814,0.047334448,0.086826105,0.09124086,-1.210441782,0.156107371,-0.075088537,-1.429299803,0.677778288,0.4898245,0.438331216,0.470242316,0.079989983,0.250730521,0.313345766
78,156e,1.099203079,9.314173999,0.127584312,0.903795417,0.91795649,-0.607917547,-0.037648273,-0.074170261,0.07809193,0.104471435,0.195407662,0.175418779,0.144703338,1.539104324,0.41295255,0.043291923,0.07375988,0.084750044,1.113949505,-0.394981378,-0.091168521,-1.71325864,1.0587318,1.232700655,0.347382482,0.463886241,0.046851858,0.147749877,0.112116743
79,156f,0.834497589,9.175268549,0.135812792,0.807636672,0.868655645,-0.531953829,0.119762806,-0.077554566,0.110522994,0.099573898,0.026860917,0.213727511,0.142416287,1.539009993,0.412052921,0.042067053,0.0735279,0.083600714,0.125678331,-0.345646768,0.290649088,-1.843593957,1.503143619,1.191065169,0.365627685,0.386342654,0.035991859,0.069973065,0.120006872
80,157,0.780633571,7.964982144,0.194146809,0.627610905,0.884137465,-1.297230426,0.073396315,-0.074982148,0.120781976,0.17773796,0.153022666,0.195877929,0.129053171,1.543823654,0.342589746,0.042480184,0.077063556,0.085271185,0.781214433,-0.840271117,0.214239673,-1.765108833,1.567303437,2.084384784,0.20264968,0.41567497,0.042242672,0.062104139,0.021481381
81,158.1,0.824891251,8.403947124,0.168315304,0.791547533,0.864875593,-0.946648671,0.141146008,-0.08273665,0.139332425,0.142539813,0.033343718,0.217057141,0.133939639,1.483717587,0.368338225,0.040674815,0.071818862,0.081627223,0.153617233,-0.638024836,0.383196743,-2.034100247,1.940053372,1.746228874,0.263382156,0.351709546,0.023998679,0.029399631,0.043875081
82,160,0.850336604,13.38606293,0.100287296,0.818468845,0.889705218,-0.64941017,-0.031680603,-0.050971226,0.030719606,-0.067552038,0.031867759,0.057766553,0.235868964,2.724266839,0.644668553,0.052717066,0.100021518,0.117953097,0.55166454,-0.238379795,-0.049142467,-0.966882826,0.307129971,-0.57270254,0.40634663,0.48051408,0.169443658,0.380096697,0.284880638
83,161a,0.923865281,8.709425277,0.161636444,0.81464698,0.978212785,-1.146618896,-0.206286599,-0.071930654,0.05142319,0.148677459,0.109218301,0.212821036,0.138683552,1.494097192,0.372533798,0.042689146,0.073684807,0.084317762,0.513193162,-0.767432602,-0.553739285,-1.684986936,0.697880501,1.76329941,0.223461576,0.291280277,0.049536105,0.244461865,0.042396886
84,161b,0.804992834,8.574280877,0.1691539,0.829251881,0.962732052,-1.192484839,-0.163907693,-0.072627265,0.065281036,0.15893332,-0.024259047,0.219347347,0.137579718,1.501057969,0.371819278,0.042585879,0.073873849,0.084369548,-0.110596494,-0.794429572,-0.440826235,-1.705430678,0.883682622,1.883775885,0.215604784,0.330748613,0.047582722,0.190835337,0.033107098
85,161c,0.970618269,8.516476944,0.174962719,0.890735407,0.957223022,-1.227397267,-0.14919543,-0.072891552,0.070823312,0.164884976,0.079882862,0.177192416,0.137427351,1.509151387,0.372671724,0.042695087,0.074397917,0.084818368,0.450825514,-0.813302945,-0.400340087,-1.707258527,0.951952889,1.943977228,0.210211865,0.345421622,0.047411223,0.173160606,0.029154974
86,161d,1.061236001,8.493964567,0.174739298,1.096688255,0.951668611,-1.223213388,-0.132828063,-0.073352464,0.075447472,0.165590079,-0.035452254,0.198292014,0.137164443,1.509732741,0.372207928,0.042644618,0.074284579,0.084852178,-0.178788109,-0.810218494,-0.356865216,-1.720087256,1.015654566,1.951512414,0.21108758,0.361449274,0.046221928,0.15767324,0.02869005
87,161e,0.850044819,8.495247763,0.172098508,1.024293009,0.950501976,-1.19511205,-0.129655606,-0.073577176,0.076016323,0.162920793,-0.17424819,0.203272279,0.136699506,1.501527549,0.370761326,0.042349811,0.07363857,0.084160576,-0.857215705,-0.795930818,-0.349700998,-1.737367284,1.032289509,1.935832681,0.215172799,0.364115716,0.044659239,0.153788714,0.029664763
88,161f,1.14519391,8.430653748,0.177281067,0.920668688,0.93889429,-1.23348628,-0.094783709,-0.074366873,0.086430702,0.169139081,0.224525222,0.213494443,0.136637127,1.515352084,0.371383176,0.042659999,0.074494504,0.085212574,1.05166776,-0.813993192,-0.2552181,-1.743245994,1.160229244,1.984907544,0.210016197,0.399871946,0.044137743,0.126106158,0.026705549
89,161g,0.943933434,8.459619139,0.180361247,0.88614644,0.947321436,-1.270525933,-0.119642177,-0.073544547,0.079961554,0.171492459,0.057786994,0.196589309,0.137575215,1.524872934,0.374055474,0.043055174,0.075438421,0.086053553,0.293947795,-0.833201183,-0.319851425,-1.70814656,1.059957949,1.992857385,0.204615736,0.375297422,0.047328089,0.14747389,0.026250987
90,161h,0.969540169,8.322005679,0.178231964,1.091228295,0.920167427,-1.210019965,-0.037748005,-0.0758057,0.100651486,0.168918309,-0.121688126,0.198480953,0.134483399,1.511403413,0.364650139,0.042173844,0.074006706,0.084432357,-0.613097246,-0.800593643,-0.103518416,-1.797457673,1.360031969,2.000634775,0.213834384,0.459010967,0.039563947,0.090373946,0.025812774
91,161i,0.719988428,8.305714745,0.179912344,0.849957161,0.924160048,-1.23081373,-0.050337693,-0.07486075,0.096355333,0.170321607,-0.129968733,0.212889072,0.134162598,1.515662183,0.362986971,0.042281567,0.074409928,0.084561484,-0.610499786,-0.812063364,-0.138676308,-1.770529218,1.294925767,2.014174766,0.210563532,0.445169351,0.041783511,0.101049887,0.025064969
92,161j,0.963738464,8.385411211,0.186737445,0.889114328,0.942974065,-1.310531369,-0.107286971,-0.072870077,0.081806936,0.176047248,0.074624136,0.192343031,0.136601213,1.537417325,0.370545453,0.043258764,0.076554924,0.086505299,0.387974213,-0.852423963,-0.28953795,-1.684515924,1.068604496,2.035103634,0.199297538,0.386764875,0.049581878,0.145537836,0.023946042
93,161k,0.986528634,8.472184907,0.183255557,0.989771811,0.952200202,-1.296873817,-0.133784858,-0.073094665,0.0762596,0.173274388,-0.003243177,0.191549978,0.138115219,1.532324332,0.37567206,0.043299922,0.076186326,0.086635194,-0.016931233,-0.846344204,-0.356121395,-1.688101543,1.000961774,2.000046164,0.200970192,0.361725795,0.049234299,0.161159249,0.025845716
94,161l,0.788824968,8.401216897,0.181326379,0.914876799,0.939309898,-1.264987588,-0.096422012,-0.073864325,0.085721694,0.172359265,-0.126051831,0.18593397,0.136463042,1.523707614,0.370632753,0.042864181,0.075240814,0.085675753,-0.677938683,-0.830203627,-0.26015513,-1.723217907,1.139297804,2.011762481,0.205452849,0.397978851,0.04593549,0.13037181,0.025196807
95,161m,0.966308756,8.401056305,0.17251968,0.873142235,0.921833795,-1.165473236,-0.041979438,-0.076419985,0.09988709,0.164017947,0.093166521,0.219951999,0.13549174,1.50203576,0.368552902,0.042048507,0.073215019,0.084080234,0.423576603,-0.775929087,-0.113903425,-1.817424441,1.364297802,1.950731318,0.220970883,0.454916255,0.037982962,0.089705869,0.028737946
96,161n,1.222267256,8.645225772,0.172398384,0.8796465,0.978580834,-1.234569357,-0.20704562,-0.071765378,0.053171064,0.158531773,0.342620756,0.208614362,0.139053488,1.51198234,0.375090026,0.04305591,0.075117677,0.085448846,1.642364182,-0.816523662,-0.551989137,-1.66679506,0.707836906,1.855282791,0.209299821,0.291874392,0.051329543,0.241389699,0.035131494
97,161o,1.057173608,8.519753484,0.165360769,0.716742677,0.944545791,-1.143890197,-0.110228941,-0.074203403,0.079454067,0.157356039,0.340430931,0.211968483,0.136380364,1.494384218,0.36924482,0.042157473,0.072905842,0.083707834,1.606045038,-0.765459233,-0.298525354,-1.760148273,1.089817557,1.879824527,0.224042413,0.383353775,0.042666575,0.140863141,0.033381763
98,161p,0.525147474,8.804144425,0.145423458,0.684710317,0.95834246,-0.972974331,-0.149974199,-0.073151909,0.062130298,0.134131333,-0.159562843,0.194839635,0.13828109,1.482691276,0.373085169,0.042357334,0.072209792,0.08326149,-0.818944476,-0.656221795,-0.401983812,-1.72701874,0.860413757,1.610964839,0.25754936,0.344821006,0.045589718,0.197112627,0.057169439
99,161q,0.50470889,8.546725216,0.155938816,0.825595422,0.921253059,-1.018695225,-0.037498723,-0.076405134,0.094667582,0.146009943,-0.320886532,0.219397906,0.135443741,1.482967263,0.367915678,0.041608679,0.071689475,0.082557019,-1.462577915,-0.686930353,-0.101922059,-1.836278782,1.320522737,1.768595154,0.247865677,0.459640807,0.036539328,0.096744201,0.041946864
100,161r,0.973852144,8.756670272,0.161688159,0.871767508,0.986850367,-1.145859748,-0.230379692,-0.071598826,0.044708224,0.146131721,0.102084636,0.21056101,0.139221558,1.493107534,0.373290687,0.042753093,0.073868759,0.084395042,0.484822121,-0.767432835,-0.617158961,-1.674705167,0.605238591,1.731520207,0.223461508,0.270155324,0.050543267,0.274064805,0.04518301
101,161s,0.738363695,8.253451087,0.186049108,0.755354495,0.926295173,-1.289793665,-0.057037298,-0.073061573,0.091689829,0.175024856,-0.0169908,0.197357783,0.133569634,1.532848522,0.359683518,0.042765536,0.07599835,0.085412771,-0.086091359,-0.841435828,-0.158576346,-1.708421763,1.206471305,2.049164937,0.202326913,0.437364135,0.047302349,0.117041379,0.023218889
102,161t,0.517473988,8.317729425,0.1834529,0.780077386,0.930932847,-1.271577415,-0.071264929,-0.073712853,0.090415398,0.173552408,-0.262603398,0.199712717,0.134787029,1.526453424,0.364577907,0.042720536,0.075427966,0.085374006,-1.314905742,-0.833027327,-0.195472428,-1.72546649,1.198698612,2.032848344,0.204664231,0.422961513,0.045730668,0.118530748,0.024064494
103,161u,1.130227915,8.252015203,0.181241724,0.92922436,0.908256663,-1.217296828,-0.000704781,-0.076625424,0.109838281,0.170566821,0.201003555,0.217916945,0.133479622,1.515562215,0.36112654,0.042140523,0.074361548,0.084520349,0.922386073,-0.80319819,-0.001951618,-1.818331131,1.47708438,2.018056277,0.213088964,0.499225828,0.037912453,0.073387651,0.024854089
104,161v,0.514496886,8.644954228,0.156433331,0.812443036,0.956738683,-1.081703949,-0.14531056,-0.073296535,0.067198209,0.147107561,-0.29794615,0.216569723,0.137123535,1.484866598,0.369596554,0.042176669,0.07246293,0.08327146,-1.375751631,-0.72848561,-0.393159942,-1.737845519,0.927346012,1.766602398,0.235087998,0.348049949,0.044616624,0.179403043,0.042115733
164,237,0.833665433,10.11040547,0.278104826,0.832842144,0.562909714,3.520591106,0.429096897,0.057156011,0.151906227,0.019316008,0.000823289,0.124113374,0.22835889,2.180447046,0.484360629,0.062940497,0.147653468,0.066307499,0.006633359,1.614618944,0.885903749,0.908095959,1.028802291,0.291309559,0.056771335,0.190242841,0.184387306,0.15459756,0.386091748
165,238,0.616090092,11.66814171,0.28622894,0.742401103,0.523536923,2.735632457,0.602342141,0.079421858,0.092611961,-0.036113014,-0.126311011,0.119058257,0.272098313,1.592051251,0.569994594,0.084665367,0.242222682,0.098496345,-1.06091769,1.718306779,1.05675062,0.938067849,0.382342235,-0.366643187,0.046385492,0.148196564,0.176665267,0.352024085,0.357821251
166,239,1.238301238,13.48479442,0.217542032,0.956004832,0.776742936,1.594790318,0.160350458,0.044672921,-0.018624523,-0.088292935,0.282296406,0.207685775,0.256986135,0.796115221,0.527916693,0.101261318,0.215230792,0.079791983,1.359247672,2.003215458,0.303741974,0.441164722,-0.086532797,-1.106538924,0.025668773,0.38137811,0.330627025,0.465717741,0.137253283
167,240a,0.931661471,16.31414347,0.386488315,0.959381739,1.267074823,1.085460476,-0.82432829,-0.050121881,-0.143919283,-0.151355713,-0.027720268,0.192374903,0.247363439,0.61553114,0.497759272,0.086617848,0.179654228,0.06881564,-0.144095036,1.763453392,-1.656078222,-0.57865535,-0.80109043,-2.19943772,0.042383744,0.052410838,0.282886108,0.213692083,0.016573116
168,240b,0.909346847,13.92521663,0.266196966,0.964448639,0.80973979,1.430373146,0.169534417,0.02278097,-0.011733356,-0.115445816,-0.055101792,0.180693225,0.267741153,0.565396373,0.568554459,0.109445113,0.226892788,0.079233898,-0.30494664,2.529859075,0.298185009,0.208149722,-0.051713218,-1.457025577,0.007533201,0.383482782,0.418036293,0.479495635,0.076104725
169,240c,0.845059976,16.79928182,0.358496262,0.936531423,1.164686771,1.20613587,-0.55545323,-0.033319318,-0.122097393,-0.159806484,-0.091471447,0.185476144,0.259943401,0.677512239,0.521459838,0.101320314,0.201250312,0.073405761,-0.493170955,1.780242189,-1.065188898,-0.32885131,-0.606694178,-2.177029178,0.040971182,0.146300503,0.371914108,0.273585876,0.017442989
170,241b,0.926019855,12.25015863,0.218671826,0.889495643,0.635130155,1.655178629,0.458523495,0.063697086,0.037259855,-0.070871601,0.036524212,0.134864544,0.298762161,0.705263377,0.614215105,0.116106597,0.248961822,0.090733239,0.270821452,2.346894342,0.746519405,0.548608673,0.149660917,-0.781098545,0.011748157,0.229662058,0.293023594,0.44085803,0.219463562
171,241c,1.059039879,11.78493372,0.236100728,0.855636485,0.585260706,1.816870223,0.530364786,0.081189682,0.042950711,-0.055930426,0.203403394,0.205293054,0.281428198,0.849198553,0.58766708,0.099255394,0.248893805,0.094537044,0.990795305,2.13951168,0.902491912,0.817987606,0.172566412,-0.591624441,0.018989835,0.185854912,0.208886058,0.4318918,0.278564891
186,48,0.509987564,8.387006395,0.174098163,0.83325901,1.174634763,-6.533337074,0.025450688,0.047043925,-0.107184843,0.334971025,-0.323271446,0.192013644,0.140896201,1.961842616,0.27225385,0.069025918,0.058576344,0.105487655,-1.683585803,-3.330204482,0.093481462,0.681540016,-1.829831551,3.175452372,0.000881706,0.462972729,0.249550807,0.037027666,0.001366149
187,49,0.913519583,8.129717071,0.141571598,0.742347939,0.714971526,0.984196547,0.174767984,-0.058945929,0.096982369,0.084215238,0.171171644,0.159146845,0.140644316,1.918571267,0.260002158,0.053281631,0.06560802,0.098501267,1.07555788,0.512984096,0.672178975,-1.10630864,1.47820904,0.854966032,0.305264258,0.252492163,0.137302549,0.07323761,0.198600745
188,50,0.824491527,9.463504115,0.191528989,0.807669414,1.143727198,-5.32994197,-0.053112012,-0.006359758,-0.062379432,0.259462457,0.016822113,0.170818487,0.142611446,1.962517708,0.269790978,0.07376347,0.057691087,0.109812882,0.098479463,-2.715869491,-0.196863559,-0.086218263,-1.081266379,2.362768855,0.004705558,0.422420425,0.465842036,0.142734727,0.01131234
189,57.2,1.684000576,10.28422393,0.198840848,1.229895665,1.25904764,0.673721709,-0.907655152,-0.011847593,-0.220990163,-0.064287369,0.454104911,0.174973421,0.169812547,1.760607042,0.361903089,0.042614638,0.08503904,0.072935473,2.595279377,0.382664441,-2.50800609,-0.278016987,-2.59869072,-0.881428016,0.35190547,0.007951661,0.391150801,0.006342917,0.19143796
190,58.1,1.343640164,11.15263562,0.227402868,0.911739086,1.318339035,0.087292678,-1.037036868,-0.028789484,-0.229930044,-0.081672347,0.431901078,0.20209889,0.174815915,1.528499094,0.363470074,0.044937787,0.086810919,0.105976873,2.137077934,0.057110062,-2.853156124,-0.640652019,-2.648630463,-0.770661981,0.477358044,0.003286831,0.262535757,0.005589929,0.222512962
191,60,1.120100179,11.80588409,0.241160603,1.117808265,1.334206295,-0.196289857,-1.072958938,-0.035979507,-0.229202659,-0.100197799,0.002291914,0.189707592,0.184266951,1.45622719,0.366376005,0.046099876,0.088042178,0.132982574,0.0120813,-0.13479343,-2.928573169,-0.780468612,-2.603327911,-0.753465635,0.446694966,0.002688113,0.219646912,0.006269273,0.22759161
192,62,0.849202293,9.26098227,0.212986947,0.978377248,1.165709256,0.121063794,-0.780460833,-0.058229262,-0.017200285,0.000728459,-0.129174955,0.16546626,0.16704803,1.085812724,0.381798352,0.043671828,0.111141363,0.070728938,-0.780672476,0.111496017,-2.044170254,-1.333336951,-0.154760429,0.010299305,0.455865049,0.023474948,0.094641739,0.438858965,0.495914523
193,63,1.554411305,11.50687193,0.196145716,1.25736628,1.250201854,-0.48275777,-0.930661258,-0.054409002,-0.146203057,-0.123204253,0.297045025,0.16032761,0.183715245,1.128698818,0.345336542,0.045942695,0.085862081,0.153579833,1.852737813,-0.42771177,-2.694939996,-1.184279734,-1.702766277,-0.802216353,0.33547357,0.004965949,0.121330224,0.047833631,0.213369781
194,64,1.250063746,13.66884591,0.219742001,1.140911811,0.933755536,-0.825463557,-0.359642997,-0.099736063,0.141034152,-0.300123694,0.109151935,0.175288457,0.243725985,1.046848833,0.395639286,0.045341195,0.112512876,0.239147348,0.62269893,-0.788522212,-0.909017405,-2.199678769,1.253493439,-1.254973959,0.217309676,0.184146711,0.016563972,0.108323008,0.108056568
195,65,0.72084804,10.50334476,0.151125948,0.929102387,0.945189798,-0.232133666,-0.12851854,-0.051521306,0.195426094,-0.05478906,-0.208254347,0.190170933,0.181302174,1.026422007,0.403876998,0.054581993,0.123004066,0.123980385,-1.095090313,-0.226158115,-0.31821208,-0.943924973,1.588777506,-0.441917166,0.411062884,0.375914777,0.175181275,0.059635713,0.330356806
196,66a,1.073525585,11.10392077,0.223138676,0.979281915,1.311655224,0.082708428,-1.071609838,-0.036432949,-0.220387194,-0.094363129,0.09424367,0.188753825,0.174997635,1.292579654,0.359945991,0.045040352,0.086080036,0.118684095,0.499294094,0.063987103,-2.977140642,-0.808895743,-2.56025907,-0.795078141,0.474635159,0.002358206,0.211463803,0.006984407,0.215418093
197,66b,0.9773293,10.46571809,0.207316595,0.925973619,1.292681539,0.307324833,-1.031045809,-0.030551555,-0.21723856,-0.080172785,0.051355681,0.098714044,0.164793047,1.299158594,0.354074406,0.044077055,0.084688107,0.092667688,0.520246952,0.236556825,-2.911946736,-0.693139672,-2.565160172,-0.865164398,0.407049227,0.002810624,0.245932328,0.006899427,0.195820639
198,66c,0.720254882,10.00157368,0.190498987,0.919699719,1.262732846,0.640004508,-0.959633553,-0.019755033,-0.21531766,-0.068996544,-0.199444837,0.187089518,0.15998793,1.389565779,0.350128905,0.042825034,0.083236189,0.072028041,-1.066039616,0.460578777,-2.740800716,-0.461296384,-2.58682748,-0.957912271,0.323684597,0.004411839,0.323429175,0.006534937,0.171670566
199,66d,0.691113994,10.93377923,0.217497851,0.800148623,1.303657189,0.273539604,-1.030134782,-0.027713965,-0.226880936,-0.079730523,-0.109034629,0.167383357,0.172359974,1.464036817,0.360080714,0.044583009,0.085802668,0.103870522,-0.651406633,0.186839293,-2.860844088,-0.621626159,-2.64421773,-0.76759529,0.426322743,0.003220549,0.2686977,0.005653,0.22341373
200,76.1a,1.031682908,15.46852349,0.283339799,0.9429862,1.017355609,1.945443675,-0.50316912,-0.00237024,-0.077059874,-0.071356657,0.088696708,0.17777399,0.212674819,0.943142629,0.460622593,0.073822364,0.172666348,0.073409288,0.498929613,2.062724784,-1.092367432,-0.032107347,-0.446293532,-0.97203853,0.022535953,0.140308401,0.487265825,0.328786976,0.168172488
201,76.1b,0.868901056,14.27412415,0.270390254,0.837505068,0.75665974,2.33669565,-0.090897608,0.040659323,0.028239639,0.023064542,0.031395988,0.210424255,0.21497303,0.930064192,0.454767666,0.065287053,0.169178076,0.081071709,0.149203275,2.512402551,-0.199877025,0.622777724,0.166922567,0.284495566,0.007865813,0.42124884,0.268322614,0.434097875,0.388682662
202,77.1a,0.950377507,12.83355644,0.259040395,0.940070373,0.456374693,2.478787188,0.555755103,0.134970554,-0.026375591,-0.003982922,0.010307134,0.174967796,0.285404378,1.218036184,0.579671343,0.076135085,0.196725246,0.093818295,0.058908751,2.035068597,0.958741724,1.77277734,-0.134073239,-0.04245357,0.023947879,0.17146385,0.041594303,0.446978025,0.483164597
203,77.1b,0.817536118,13.07362079,0.218715653,0.948715353,0.415890771,2.23574889,0.719771582,0.103433083,0.192750522,0.068360608,-0.131179235,0.1548548,0.272722703,1.287970971,0.57593562,0.073551824,0.198538778,0.089312352,-0.847111196,1.735869007,1.249743127,1.4062613,0.970845712,0.765410451,0.044792968,0.109000115,0.083334976,0.168466019,0.224056783
204,77.1c,0.860745314,13.51880028,0.211115812,0.888717478,0.356798881,2.224658467,0.853626471,0.123267352,0.133457357,0.018268893,-0.027972164,0.118108757,0.28645745,1.268279673,0.589093043,0.077039363,0.183068451,0.089516129,-0.236833951,1.75407563,1.449052031,1.600056741,0.729002493,0.204084925,0.043190347,0.077206544,0.058371376,0.234931467,0.419614088
205,77.3,1.429805933,12.8146078,0.303477165,1.032727038,0.347282031,1.415877036,1.046522022,0.096550836,0.016785436,-0.034392212,0.397078895,0.152563271,0.230657095,1.000883269,0.484320775,0.056518332,0.166437235,0.096725338,2.602716191,1.414627539,2.160803491,1.708310073,0.100851448,-0.355565695,0.082107903,0.01809778,0.047312794,0.460063273,0.361932429
206,77.5,1.290619065,10.46348091,0.317899909,1.027057864,0.642635347,1.758564338,0.263764851,0.048187375,0.215765783,0.089722012,0.263561201,0.151514489,0.205758937,1.278209343,0.435738024,0.072081084,0.160986899,0.06901897,1.739511526,1.37580307,0.605328975,0.668516236,1.340269199,1.299961624,0.087922953,0.274035054,0.253648164,0.093518959,0.100191574
207,78.2a,1.014377351,14.01103074,0.513271566,0.745849817,0.891306151,1.409286729,-0.158802164,-0.00265887,-0.07713923,-0.090169571,0.268527534,0.214675958,0.190873608,0.408485666,0.319513228,0.055732175,0.112735793,0.054322016,1.250850521,3.450027374,-0.497012799,-0.047707982,-0.684247909,-1.659908415,0.000623976,0.310827228,0.481082433,0.248703478,0.052022255
208,78.2aa,0.857554189,15.77401314,0.483177896,0.882348499,1.283626372,0.929150275,-0.852341044,-0.070910212,-0.113276544,-0.147375326,-0.02479431,0.184531427,0.263474749,0.426153123,0.545193641,0.06942361,0.158175586,0.069429366,-0.134363616,2.18032023,-1.563373048,-1.021413498,-0.716144299,-2.122665593,0.017312759,0.062564741,0.156320956,0.238843044,0.019722809
209,78.2aaaa,1.012894284,23.91823554,0.280993638,0.87144002,1.027259065,0.7252915,-0.395100892,-0.056083587,0.022868806,-0.033286973,0.141454264,0.203871234,0.274260829,0.411707896,0.443810233,0.054705601,0.148895954,0.065702912,0.693841213,1.761665263,-0.890247367,-1.025189123,0.153589173,-0.506628584,0.042536565,0.189087543,0.155438683,0.43931797,0.30747248
210,78.2b,0.478537505,15.30087381,0.549817656,0.659605086,0.939614728,1.123835841,-0.213664464,-0.04472246,0.000279567,-0.078363595,-0.181067581,0.142555399,0.185050855,0.364725937,0.28854228,0.051489755,0.107069696,0.052728635,-1.270155897,3.081315931,-0.740496208,-0.868570051,0.002611073,-1.486167716,0.001774184,0.231466181,0.194897714,0.498964235,0.072182774
211,78.2bb,1.155305313,14.41192877,0.357532632,0.8082756,1.039088001,1.376648952,-0.46855898,-0.006728248,-0.134104207,-0.11155388,0.347029713,0.206953722,0.204741445,0.46745738,0.388391448,0.063710627,0.12901005,0.054393394,1.676846928,2.944972121,-1.206409105,-0.105606374,-1.039486518,-2.050871846,0.002572177,0.117053243,0.458187329,0.15212857,0.023131942
212,78.2bbb,0.714591771,21.4697141,0.429355675,0.974268976,0.969345956,0.690949689,-0.184154022,-0.097295874,0.158114392,-0.036769156,-0.259677205,0.212563603,0.229142149,0.397855461,0.349810117,0.054859278,0.123584816,0.060454322,-1.22164473,1.736685195,-0.526439953,-1.773553654,1.27939982,-0.608213848,0.044720077,0.300613213,0.041529133,0.103731021,0.273086318
213,78.2bbbb,0.68416061,20.22722238,0.427173737,0.987135607,1.071608091,0.649960345,-0.344944367,-0.103040735,0.093351018,-0.072632062,-0.302974997,0.203554666,0.24867231,0.39763165,0.368857457,0.053263792,0.107948874,0.058967667,-1.48842079,1.634579003,-0.935169836,-1.934536215,0.864770656,-1.231726906,0.054636442,0.177402554,0.029746614,0.195927519,0.112296786
214,78.2c,0.655902701,16.55556603,0.577410261,0.71192118,0.936085264,1.007902843,-0.161242536,-0.108201415,0.185157469,-0.039069701,-0.056018479,0.186549355,0.214212448,0.473748397,0.284790037,0.065289542,0.110727294,0.068361477,-0.300287711,2.127506606,-0.566180397,-1.657254934,1.672193575,-0.571516336,0.019509674,0.287073864,0.052291205,0.050791841,0.285278912
215,78.2cc,0.824798526,14.61854371,0.367984703,0.785077178,1.144694291,1.190460669,-0.61438156,-0.038915724,-0.106958536,-0.123337722,0.039721348,0.211148174,0.20864127,0.461600176,0.41273224,0.065356335,0.137451648,0.056316563,0.188120729,2.578986599,-1.488571769,-0.595439206,-0.778153903,-2.19007901,0.006664754,0.071866522,0.277300194,0.220321416,0.016931631
216,78.2ccc,0.618599671,19.76146689,0.580957904,0.63617536,1.019043318,0.693633851,-0.243615219,-0.123227871,0.161443563,-0.063772814,-0.017575689,0.175681219,0.223300303,0.396747965,0.30403133,0.055784027,0.111472741,0.061919452,-0.100043072,1.748298449,-0.801283271,-2.209017124,1.448278402,-1.029931818,0.04369361,0.21363686,0.016213122,0.077314112,0.154335253
217,78.2cccc,0.855677591,15.35204603,0.40872197,0.928855145,1.270334408,1.086979681,-0.852683035,-0.065707374,-0.114825405,-0.13784523,-0.073177554,0.217843941,0.229161713,0.518498691,0.466770268,0.074343128,0.159016978,0.063448004,-0.335917325,2.096398122,-1.826772384,-0.883839247,-0.722095253,-2.172569984,0.020915284,0.037261303,0.190793518,0.237028145,0.017620823
218,78.2d,0.48122213,14.90227901,0.529657265,0.572868944,0.915411558,1.255542686,-0.173046618,-0.067231175,0.092701886,-0.053086811,-0.091646814,0.187988719,0.19223103,0.419317178,0.267164378,0.056644023,0.109046836,0.059225083,-0.48751231,2.994255307,-0.64771591,-1.186906777,0.850110733,-0.896356893,0.002251272,0.260267147,0.120816622,0.199932926,0.187470138
219,78.2dd,0.950197037,13.15846771,0.457557712,0.800591565,0.86727023,1.788968313,-0.204084352,0.024592764,-0.121048957,-0.088290773,0.149605472,0.207307245,0.193102249,0.540586258,0.323233125,0.061244668,0.121301425,0.055641386,0.721660605,3.30931149,-0.631384398,0.401549478,-0.997918672,-1.586782413,0.000935948,0.265527911,0.344979672,0.161887709,0.059861645
220,78.2ddd,0.548173245,17.89215665,0.582330417,0.659837284,0.978672681,0.860231096,-0.217918815,-0.106263557,0.138793986,-0.05971635,-0.111664039,0.181158363,0.219648287,0.396133218,0.291897288,0.055735234,0.111361465,0.061727445,-0.616389093,2.171570215,-0.746559917,-1.906577748,1.246337642,-0.96741976,0.017660914,0.229649951,0.03155946,0.109617686,0.169310977
221,78.2dddd,0.935724916,14.13748271,0.504788439,0.810598212,0.885862467,2.512769877,-0.112357295,-0.065652415,0.149432103,-0.050448511,0.125126704,0.198926585,0.205914244,1.056281833,0.291909671,0.076410241,0.127028551,0.072949985,0.629009462,2.378882036,-0.384904325,-0.859209632,1.176366274,-0.691549305,0.010884885,0.351081309,0.197440948,0.122886942,0.24642671
222,78.2e,0.564964766,15.12110668,0.541520449,0.652660381,0.923618457,1.198804275,-0.175353348,-0.026269183,-0.034770696,-0.085981284,-0.087695615,0.163602659,0.190962943,0.378508328,0.308279649,0.053442216,0.109667087,0.05357046,-0.536028058,3.167180713,-0.568812598,-0.491543671,-0.317056803,-1.605012997,0.001398102,0.286187729,0.312742601,0.376350036,0.057822737
223,78.2ee,0.718025556,13.63620574,0.476063589,0.846018619,0.868553047,1.612206826,-0.164363814,0.024019581,-0.133200196,-0.097543526,-0.127993063,0.183200445,0.197041967,0.456170685,0.332620019,0.059570436,0.11759051,0.054520505,-0.698650392,3.534218391,-0.494148891,0.403213115,-1.132746139,-1.789116327,0.000487783,0.311829556,0.344372083,0.131727966,0.04024063
224,78.2eee,0.824457606,18.66736784,0.599284327,0.732932044,0.924791886,0.74947201,-0.129642205,-0.127678637,0.252620325,-0.01023412,0.091525562,0.203577742,0.220571651,0.56858057,0.308959573,0.078864914,0.1223778,0.081177852,0.449585307,1.318145658,-0.419608958,-1.618953615,2.064265948,-0.126070348,0.097138087,0.338406471,0.056302018,0.022459452,0.450125279
225,78.2eeee,0.441764029,13.65298694,0.498092302,0.744335258,0.873763122,1.95222755,-0.13511045,-0.025902658,0.044911786,-0.058321893,-0.302571229,0.210898877,0.185112701,0.604306662,0.267011028,0.062769997,0.113670806,0.058485554,-1.434674445,3.230524622,-0.50601075,-0.412659852,0.395103966,-0.997201671,0.001170364,0.307687533,0.340929887,0.347337577,0.162059668
226,78.2f,0.79988895,15.21826619,0.495309709,0.801524504,0.914222166,1.274651542,-0.12076692,0.002806684,-0.095053735,-0.103307881,-0.001635554,0.206089189,0.19408066,0.395876603,0.339084629,0.057282344,0.11632716,0.053454685,-0.007936146,3.21982035,-0.356155689,0.048997359,-0.817124177,-1.932625397,0.001206207,0.361713044,0.480571571,0.209130033,0.029867604
227,78.2ff,0.739745612,13.39076731,0.503549071,0.788784381,0.888782713,1.506469,-0.176889893,-0.007249382,-0.059059042,-0.084404802,-0.049038769,0.205500813,0.182419088,0.426525532,0.300944833,0.05577142,0.11376474,0.055224884,-0.238630535,3.531955034,-0.58778179,-0.129983815,-0.519133101,-1.528383503,0.00049104,0.279841765,0.448585833,0.303134741,0.066787567
228,78.2fff,1.283239583,20.15951012,0.555366121,1.099955256,1.049125264,0.672889288,-0.283383347,-0.117426355,0.134672075,-0.072205322,0.183284327,0.169562514,0.233246652,0.404211128,0.321568448,0.054629622,0.110359447,0.059446287,1.080924804,1.664697582,-0.881253583,-2.149499655,1.220304008,-1.214631323,0.051539715,0.191484634,0.018566665,0.114424829,0.1154926
229,78.2ffff,0.945010396,14.50477149,0.54831849,0.829585385,0.9215348,1.228121746,-0.210472276,-0.042823878,0.004856415,-0.073842469,0.115425011,0.159656689,0.183889245,0.384147602,0.284550261,0.052785604,0.11168583,0.055465867,0.722957563,3.19700485,-0.739666429,-0.81127949,0.043482826,-1.331313715,0.001286102,0.231715364,0.210786101,0.482756695,0.094971361
230,78.2g,0.664785037,14.47547216,0.520136472,0.68399629,0.899395293,1.323813447,-0.15009238,-0.007192558,-0.069881316,-0.090425107,-0.019211253,0.201995145,0.191208538,0.392671828,0.317450854,0.054915381,0.11113038,0.053437941,-0.095107497,3.371297233,-0.472805091,-0.130975296,-0.628822788,-1.692151772,0.000783621,0.319344639,0.448195938,0.266358101,0.048844105
231,78.2gg,0.61201479,13.1830349,0.334334778,0.772346743,0.758938338,2.429554429,-0.198495577,0.086896493,-0.167409328,-0.032416972,-0.160331953,0.137170051,0.196603813,0.868017938,0.39635839,0.067936823,0.161343821,0.071391296,-1.168855388,2.798967996,-0.500798222,1.279077958,-1.037593672,-0.454074566,0.003791209,0.309504608,0.103787162,0.152563998,0.326003587
232,78.2ggg,1.461546234,18.57786448,0.556070322,1.067789495,1.004863799,0.867585989,-0.263779072,-0.083899267,0.062820962,-0.078626088,0.393756739,0.213521944,0.212931616,0.379902306,0.305111602,0.052184376,0.105937792,0.05519817,1.844104323,2.283708138,-0.864533074,-1.607746873,0.592998598,-1.424432883,0.013635961,0.195992028,0.057521905,0.278108986,0.08068773
233,78.2gggg,0.818843615,11.18045779,0.311977189,0.979247188,0.534973797,2.902573084,0.457550659,0.059071689,0.038164742,-0.016672087,-0.160403573,0.174333527,0.173165562,1.126244329,0.329853112,0.067638168,0.154274852,0.087517019,-0.920095955,2.577214383,1.387134583,0.873348443,0.247381483,-0.190501084,0.006694421,0.086193803,0.193607401,0.40288187,0.424896368
234,78.2h,0.792002031,14.74635995,0.540554212,0.639203186,0.922073137,1.198650896,-0.195912114,-0.061410022,0.058513934,-0.062758478,0.152798845,0.205938282,0.185967926,0.393171264,0.2690677,0.053906412,0.111735941,0.057450382,0.741964259,3.048673709,-0.728114575,-1.139196979,0.523680506,-1.092394455,0.001940682,0.235200397,0.130392604,0.301564322,0.14030253
235,78.2hh,1.095963598,15.0165582,0.340869262,0.931656299,1.157455734,1.363015896,-0.707458638,-0.038144907,-0.107398986,-0.108297653,0.164307299,0.213079339,0.206155648,0.563502838,0.433102881,0.067792517,0.15403919,0.06273929,0.771108543,2.418827029,-1.633465556,-0.562671349,-0.697218586,-1.726153626,0.009887237,0.05475378,0.288257278,0.244666876,0.045668229
236,78.2hhh,1.168106715,12.59594561,0.486518511,1.1452529,0.848663587,2.179431638,-0.158245834,0.017265499,-0.052060384,-0.070052443,0.022853815,0.117359883,0.188087878,0.837552234,0.30131033,0.065813942,0.128690982,0.059968078,0.194732773,2.602144142,-0.525192195,0.262338019,-0.404537936,-1.168162212,0.006287998,0.301043109,0.397142615,0.343888533,0.124516067
237,78.2hhhh,0.562238559,14.98791431,0.416833645,0.68431733,1.25572137,1.063368883,-0.812891168,-0.066327326,-0.106618921,-0.137038454,-0.122078771,0.203372545,0.224618038,0.472063157,0.456742769,0.069189242,0.150518464,0.061702551,-0.60027164,2.252598764,-1.779757063,-0.958636407,-0.708344467,-2.220952819,0.014661358,0.041011438,0.171490088,0.241233668,0.015774284
238,78.2i,0.502774751,13.2539053,0.500289112,0.70805521,0.887357616,1.624676881,-0.17415387,-0.019150721,-0.010932246,-0.072863317,-0.205280459,0.196856985,0.17803718,0.472681924,0.279773632,0.0578175,0.116412853,0.057234831,-1.042789815,3.437146204,-0.622481357,-0.331227064,-0.093909268,-1.273059017,0.000647779,0.26841912,0.371022685,0.462803786,0.104841224
239,78.2ii,0.669580152,14.71566279,0.415485928,0.905707544,1.227284006,1.057924628,-0.742431677,-0.060843623,-0.101031073,-0.13603652,-0.236127392,0.218293662,0.216958281,0.441031689,0.442145155,0.065011024,0.143050294,0.059744832,-1.081696046,2.398749693,-1.679158235,-0.935897012,-0.706262603,-2.276958799,0.010377874,0.050105009,0.177217364,0.24187402,0.013852828
240,78.2iii,1.136470393,23.73846787,0.376386633,1.073734177,0.806600224,0.96101824,0.027953474,-0.057835595,0.18097709,0.001784984,0.062736216,0.204688977,0.250430237,0.456982964,0.418764011,0.057803705,0.153718302,0.06628932,0.306495332,2.102962944,0.06675233,-1.000551701,1.177329488,0.026927178,0.020611487,0.473540637,0.161257283,0.12269669,0.489319788
241,78.2iiii,0.86419784,20.90064916,0.364306365,0.885267317,1.029507712,0.696488366,-0.330362547,-0.086978347,0.082221587,-0.052876918,-0.021069477,0.211204251,0.249478262,0.390834794,0.378008863,0.051052655,0.112963013,0.059615974,-0.099758773,1.782053126,-0.873954499,-1.703698801,0.727862901,-0.88695889,0.040821202,0.193444133,0.04774569,0.235276656,0.189961787
242,78.2j,1.111253584,19.02725681,0.518767725,0.983342116,1.040192187,0.842718542,-0.26219646,-0.0685277,0.017448701,-0.099945362,0.127911468,0.195625893,0.219244068,0.387780742,0.343179895,0.056088616,0.105745659,0.055533228,0.653857555,2.173183065,-0.764020456,-1.221775561,0.165006311,-1.79973982,0.017596279,0.224466458,0.11414903,0.434847391,0.039380486
243,78.2jj,0.941567064,14.68746104,0.408631216,0.871870021,1.041878459,1.255491987,-0.396979558,-0.012178299,-0.11907864,-0.120176732,0.069697043,0.200901942,0.201509182,0.425467578,0.388088856,0.061740272,0.127351124,0.054661151,0.346920701,2.950852311,-1.022908935,-0.197250495,-0.935041927,-2.198576689,0.002531757,0.155971101,0.422269951,0.177435142,0.016605818
244,78.2jjj,0.721594399,21.41509414,0.274875309,0.877834872,0.685202992,1.228057852,0.171601459,0.005469926,0.124849119,0.025595694,-0.156240473,0.106311867,0.244650932,0.503651668,0.425456467,0.06334336,0.168206025,0.076981871,-1.469642839,2.438307922,0.40333494,0.086353583,0.742239282,0.332489889,0.009431299,0.344327607,0.465788561,0.230943241,0.370549143
245,78.2jjjj,0.726031282,19.36687368,0.493796118,0.797506927,0.756942807,1.263185054,0.040898079,-0.040575196,0.188403479,0.039167345,-0.071475645,0.203489548,0.251099076,0.756913167,0.357735768,0.090404886,0.136890108,0.087627689,-0.351249713,1.668863891,0.114324826,-0.4488164,1.376311857,0.446974532,0.051122932,0.454750202,0.327883423,0.087844744,0.328542977
246,78.2k,1.224295727,18.42644153,0.525787889,1.390705992,1.034222771,0.82010026,-0.285742375,-0.082894235,0.054190201,-0.085575988,-0.166410265,0.177372285,0.209062891,0.376109056,0.30701539,0.052158035,0.10183537,0.053079096,-0.93819767,2.18048528,-0.930710262,-1.589289829,0.532135358,-1.612235215,0.01730625,0.17854104,0.059577807,0.2986546,0.057030778
247,78.2kk,1.012389329,14.94461492,0.378976572,0.811099797,1.211371408,1.167997048,-0.757375868,-0.058107863,-0.097298284,-0.122919132,0.201289532,0.215429478,0.2121568,0.490869615,0.430946416,0.066811269,0.144282343,0.059271722,0.934363924,2.379444584,-1.757471091,-0.869731473,-0.674360298,-2.073824231,0.010870228,0.042896827,0.194583598,0.251805079,0.021990037
248,78.2kkk,1.095932154,17.36622251,0.359345341,0.979511428,0.623324828,1.46317595,0.255392014,0.039998166,0.109912404,0.043471876,0.116420726,0.18663377,0.242326213,0.61470357,0.395302583,0.062985463,0.142607878,0.08532747,0.623792394,2.380295189,0.646067151,0.635038066,0.77073164,0.509471053,0.010848099,0.26079572,0.26434615,0.222492526,0.306483965
249,78.2kkkk,0.654512557,18.28648339,0.519703464,0.679445675,1.051664745,0.91804035,-0.232759604,-0.043839569,-0.044532502,-0.12472986,-0.024933118,0.201909811,0.233894969,0.383534736,0.477836796,0.060453216,0.12044351,0.058262031,-0.123486414,2.393630259,-0.487111092,-0.725181745,-0.369737663,-2.140842992,0.010506442,0.314298808,0.236089934,0.356675819,0.018932944
250,78.2l,0.83697331,17.12011979,0.562427641,1.058358241,0.969566181,0.992635364,-0.235637133,-0.063495985,0.0277791,-0.079453943,-0.221384931,0.215557366,0.197739351,0.368273825,0.295261248,0.051630393,0.106498075,0.05352021,-1.027034868,2.695373103,-0.798063189,-1.229817961,0.260841336,-1.484559629,0.004960429,0.214560101,0.112650366,0.397715922,0.072394932
251,78.2ll,0.523936993,14.81138782,0.33466572,0.578787503,1.130969048,1.370925589,-0.65314529,-0.035152298,-0.104021857,-0.106947505,-0.05485051,0.163023037,0.204574881,0.524743516,0.415450787,0.065423851,0.143490163,0.058884332,-0.336458645,2.612563182,-1.572136365,-0.537300958,-0.72494068,-1.81623024,0.006124933,0.061541524,0.29688339,0.236163135,0.038075998
252,78.2lll,0.85584749,21.82299431,0.307875873,0.974802164,0.664017744,1.265315898,0.21212247,-0.002000937,0.158952317,0.030046024,-0.118954674,0.211702172,0.241832181,0.510176926,0.414757678,0.062805846,0.163495573,0.075478056,-0.561896331,2.480151165,0.511437114,-0.031859095,0.972211749,0.398076284,0.008515664,0.305801086,0.487364251,0.168129891,0.346249474
253,78.2m,1.271071533,21.44186652,0.464655477,0.947832214,0.787995227,1.03844544,0.052635574,-0.063519557,0.210341858,0.011587261,0.323239319,0.215126179,0.24507251,0.536310576,0.389814151,0.065521506,0.140760942,0.073231305,1.502556875,1.936276266,0.135027354,-0.96944593,1.494319767,0.15822825,0.029636802,0.446603032,0.168810914,0.071114831,0.437500458
254,78.2mm,0.840770822,12.89253262,0.50195821,0.869976948,0.869093849,2.030451032,-0.137671227,-0.007430432,-0.000383128,-0.070072871,-0.029206126,0.182892194,0.178346907,0.660406891,0.271526463,0.062610149,0.118364255,0.05826517,-0.15969039,3.074545497,-0.507026924,-0.118677749,-0.003236852,-1.202654529,0.001807572,0.307333863,0.453035418,0.498716001,0.11777101
255,78.2mmm,0.887909599,16.25167595,0.566205803,0.919089246,0.953480538,1.030287661,-0.229575631,-0.071249291,0.056177278,-0.068939641,-0.031179647,0.197048901,0.193700905,0.372967922,0.282299561,0.051898302,0.111483987,0.056605621,-0.15823304,2.762402878,-0.813234106,-1.372863619,0.503904458,-1.217893914,0.004171134,0.210231385,0.088375845,0.308421198,0.11487759
256,78.2n,0.914632585,18.25767585,0.385947391,0.933536714,0.647231935,1.484828988,0.196309919,0.021367139,0.129594206,0.048299868,-0.018904129,0.205929179,0.229826296,0.609743856,0.368972389,0.067650291,0.14185483,0.078533388,-0.091799175,2.43516843,0.532045012,0.315846964,0.913569219,0.615023353,0.009503468,0.298685622,0.376806027,0.18296117,0.270853606
257,78.2nn,0.931922491,14.830986,0.500877428,0.807090132,0.881076798,1.700727756,-0.128201319,-0.05468801,0.107902501,-0.043273698,0.124832359,0.19734521,0.198006867,0.561523559,0.273011139,0.06463759,0.110776877,0.06202059,0.632558344,3.028773647,-0.469582739,-0.846071303,0.974052565,-0.697731149,0.002049274,0.320486023,0.201045476,0.167677644,0.244508114
258,78.2nnn,1.298979512,16.53401227,0.548727585,1.152514593,0.954523868,1.049910326,-0.204691225,-0.045401109,-0.008477974,-0.086382028,0.146464919,0.20822802,0.191909369,0.366649482,0.299247809,0.05229773,0.105598851,0.051591871,0.703387177,2.863526007,-0.684019127,-0.868127719,-0.080284722,-1.674334084,0.003197721,0.248775005,0.19501743,0.468187436,0.05057993
259,78.2o,0.691795717,26.48869286,0.249293198,0.84197415,1.109640055,0.679752295,-0.5855167,-0.041679874,-0.057668851,-0.037378114,-0.150178433,0.18637308,0.322834325,0.44724069,0.551368957,0.058058653,0.197991391,0.071422637,-0.805794664,1.519880256,-1.061932654,-0.717892544,-0.291269486,-0.523337069,0.067847538,0.147030168,0.238309057,0.38610697,0.301682794
260,78.2oo,0.554251376,15.462806,0.520314721,0.632464201,0.924298533,2.601183179,-0.143793447,-0.11695271,0.232370314,-0.048673461,-0.078212825,0.202129312,0.237573889,1.124958072,0.329497966,0.091502869,0.144854304,0.092369954,-0.386944497,2.312249002,-0.436401624,-1.278131622,1.604165755,-0.52694041,0.012752029,0.332339671,0.10395236,0.057916225,0.300440869
261,78.2ooo,1.095797666,21.69271806,0.525772814,1.072327011,1.018758909,0.559556625,-0.210282464,-0.134096743,0.202129692,-0.055081467,0.023470655,0.206143972,0.239789034,0.418928125,0.346285637,0.060802704,0.124746499,0.065827489,0.113855646,1.335686462,-0.607251475,-2.205440442,1.620323564,-0.836754796,0.094260055,0.273402623,0.016346716,0.056154352,0.203626059
262,78.2pp,0.555035941,19.08127615,0.417660453,0.703536891,0.926561844,1.88698049,-0.168323415,-0.14452059,0.271562447,0.002765424,-0.14850095,0.187422393,0.296614415,1.606923563,0.396872836,0.124413447,0.17764034,0.104740523,-0.792333019,1.174281424,-0.424124302,-1.161615512,1.528720601,0.02640262,0.123299469,0.336770827,0.125827242,0.066745821,0.489527795
263,78.2ppp,0.722120285,14.50140522,0.325628373,0.766312506,1.059254132,1.488588306,-0.552753358,-0.012556168,-0.123047842,-0.099866798,-0.044192221,0.194717534,0.200707348,0.519623174,0.396566204,0.063428214,0.136386439,0.056650967,-0.226955529,2.864745804,-1.393848879,-0.197958713,-0.902199975,-1.76284365,0.003187389,0.085181708,0.421994565,0.18593157,0.042435803
264,78.2q,0.862094799,19.50660485,0.464091613,1.013733157,1.08200476,0.719392447,-0.356047351,-0.092243171,0.058688543,-0.087931715,-0.151638358,0.195192803,0.232673979,0.387875702,0.351948243,0.054036094,0.103494454,0.057163585,-0.776864493,1.854698407,-1.011646904,-1.707065847,0.567069449,-1.538247033,0.03517409,0.158618977,0.047429278,0.286774413,0.065574678
265,78.2qq,1.168121211,16.31179591,0.504796258,0.973485678,0.919039555,2.433559694,-0.137235647,-0.184536986,0.339235146,0.013373828,0.194635533,0.188134251,0.270805607,1.48406433,0.413173239,0.099192248,0.158800226,0.110223923,1.034556611,1.63979394,-0.332150376,-1.860397266,2.136238429,0.121333257,0.054089609,0.370676436,0.034760564,0.01913035,0.451989753
266,78.2qqq,0.666591907,14.70559871,0.507447669,0.666618386,0.867328346,2.325230841,-0.101701247,-0.05335179,0.128056849,-0.044549058,-2.64792E-05,0.175739656,0.207096121,0.826093164,0.286892501,0.07258085,0.118377237,0.067778332,-0.000150673,2.814731972,-0.354492524,-0.73506703,1.081769193,-0.657275813,0.003637528,0.3623316,0.233099361,0.142624198,0.257213647
267,78.2r,1.291163964,19.832359,0.487045939,1.004065368,1.092196543,0.66627667,-0.341139904,-0.103707294,0.08416524,-0.087849478,0.287098596,0.192233903,0.241393396,0.401768757,0.347855102,0.05488643,0.104876959,0.057743758,1.493485755,1.658358591,-0.980695415,-1.889488778,0.802514115,-1.521367525,0.052179202,0.166052392,0.032713393,0.213284594,0.067661179
268,78.2rr,0.806311577,13.36761132,0.377893154,0.826915174,0.854918605,1.987809366,-0.295803914,0.050166668,-0.175029054,-0.075026773,-0.020603597,0.194950505,0.200032355,0.714388257,0.363715459,0.06280538,0.132331015,0.059948944,-0.105686295,2.782533651,-0.813283866,0.798763864,-1.32266086,-1.251511157,0.003957817,0.210217275,0.214359004,0.096390948,0.108680511
269,78.2rrr,0.948467224,17.89269288,0.392458028,0.884673911,0.636091398,1.701142136,0.148282493,0.036508924,0.107949393,0.07613352,0.063793313,0.204613139,0.248151798,0.871281255,0.353376095,0.088332021,0.13854284,0.093200655,0.31177525,1.952460386,0.41961665,0.413314717,0.77917699,0.816877524,0.028632013,0.338403682,0.34069177,0.220023138,0.209199761
270,78.2s,1.093578994,20.04998388,0.510944711,1.193143166,1.087706934,0.633521823,-0.325492627,-0.11368491,0.112738173,-0.081736208,-0.099564172,0.205738143,0.244146847,0.411522574,0.341142779,0.055292451,0.108055373,0.058257441,-0.483936381,1.539458256,-0.954124334,-2.056065656,1.043337043,-1.403017476,0.065426963,0.17261669,0.022869118,0.151245436,0.083814564
271,78.2ss,0.979362926,16.6475393,0.542377918,0.981802192,0.687421885,3.153046491,0.125097045,-0.123450623,0.332376244,0.164900279,-0.002439266,0.171154141,0.238284033,1.894720253,0.409713048,0.07854229,0.159309457,0.113262591,-0.014251865,1.664122441,0.305328437,-1.571772656,2.086356021,1.455911233,0.051597469,0.380777907,0.061583721,0.021387583,0.076257962
272,78.2sss,0.874455296,20.07443741,0.580475112,0.780795818,1.004761037,0.583203744,-0.191967608,-0.139454298,0.230049661,-0.045531291,0.093659478,0.203101036,0.218886616,0.428399045,0.307218084,0.065792641,0.118054522,0.071746295,0.461147218,1.361356312,-0.624857772,-2.119603281,1.948673008,-0.634615221,0.090166131,0.267645794,0.019858687,0.028864488,0.264482776
273,78.2t,0.509049568,20.19003116,0.393467861,0.744757957,1.050446784,0.727090115,-0.366316638,-0.087264358,0.063919129,-0.06691536,-0.235708389,0.192796293,0.246183174,0.38521004,0.374687783,0.051261271,0.106097028,0.059039535,-1.222577393,1.887516002,-0.977658345,-1.702344788,0.602459189,-1.133399172,0.032848894,0.166794136,0.047873423,0.274980496,0.131592342
274,78.2tt,1.03648952,14.20372107,0.472266665,0.955535865,0.54426886,3.478287481,0.32338541,-0.084965919,0.326602728,0.188068995,0.080953655,0.196001799,0.209774973,1.525208663,0.380239512,0.071116692,0.157051745,0.106569028,0.413025062,2.280532208,0.850478184,-1.194739482,2.079586746,1.764762216,0.013737628,0.199831912,0.119294683,0.021711193,0.042272177
275,78.2ttt,0.692617923,14.05075885,0.39379293,0.819787256,0.913759924,1.614884879,-0.28908412,0.031750822,-0.173768935,-0.103477254,-0.127169333,0.211993811,0.21104081,0.503251455,0.374040086,0.064683821,0.124224252,0.054911888,-0.599872857,3.208902553,-0.772869357,0.490861882,-1.398832617,-1.884423547,0.001243834,0.221865925,0.312981742,0.084436446,0.033062263
276,78.2u,1.246559457,22.26755769,0.315643763,0.82691279,1.046411045,0.726931784,-0.417874004,-0.072588139,0.03924506,-0.049009052,0.419646667,0.192469033,0.272015891,0.400541001,0.424512137,0.053045768,0.128289586,0.06450783,2.180333429,1.814874837,-0.984362913,-1.368405839,0.305909942,-0.759738043,0.038181826,0.16515962,0.089066101,0.380557982,0.225731381
277,78.2uu,0.813400256,18.73998709,0.442863945,0.890486723,0.821697927,1.433514398,-0.055663624,-0.082224377,0.227072229,0.035161418,-0.077086467,0.152110804,0.274749591,1.260210679,0.365826738,0.116826444,0.173240017,0.096139147,-0.506778385,1.137519641,-0.152158437,-0.703816488,1.310737742,0.365734659,0.130738888,0.439878777,0.242627628,0.0983734,0.358157799
278,78.2uuu,1.321993421,20.90888299,0.416528496,1.221315819,1.034536591,0.628167508,-0.287120006,-0.106281937,0.12672495,-0.055875442,0.100677602,0.190725951,0.246555953,0.400333104,0.366004066,0.053435022,0.115676455,0.059486152,0.52786525,1.569112074,-0.784472177,-1.988993975,1.095512052,-0.939301668,0.061893107,0.218483175,0.02647105,0.139626386,0.176351978
279,78.2v,0.916645879,23.88379461,0.298883028,1.010688232,0.93131421,0.812193496,-0.210344813,-0.051319819,0.076856165,-0.01696175,-0.094042353,0.204020865,0.251078354,0.411635293,0.417753024,0.055947214,0.150464424,0.063762968,-0.460944782,1.973090039,-0.503514759,-0.917289973,0.510792941,-0.266012557,0.02739382,0.308557025,0.18199575,0.306024752,0.395736054
280,78.2vv,0.831627864,19.27730247,0.525634805,0.798265199,0.777502188,1.356846341,-0.012326699,-0.059451597,0.217250975,0.052240904,0.033362665,0.199784774,0.279831937,1.138084674,0.373061899,0.116457156,0.162786288,0.095199325,0.166993031,1.192219149,-0.033041967,-0.51050188,1.334577852,0.548752876,0.119782864,0.486895279,0.306125837,0.094440005,0.292974527
281,78.2vvv,0.750419301,18.93366602,0.520794219,0.824494235,0.977553869,2.093105953,-0.233967674,-0.193219014,0.326046885,0.048011555,-0.074074934,0.188496359,0.29333713,2.329800709,0.416761394,0.098238553,0.149318831,0.110604319,-0.392978061,0.898405578,-0.561394787,-1.966834883,2.183561723,0.434083905,0.186929766,0.288688383,0.027764284,0.01718533,0.333174357
282,78.2w,0.682817677,16.85039665,0.512786822,0.692294822,1.001836997,1.021812574,-0.187508093,-0.029983845,-0.055323953,-0.115115632,-0.009477145,0.178473452,0.199567262,0.374263205,0.370075263,0.056295327,0.115487072,0.053636956,-0.053101149,2.730197787,-0.506675566,-0.53261694,-0.479048888,-2.146199966,0.004534621,0.307456129,0.298489262,0.317138073,0.018705539
283,78.2ww,0.751927306,16.95931673,0.569916115,0.736822785,0.877051147,1.287680742,-0.101728616,-0.106338664,0.227056522,-0.010321179,0.015104521,0.19676626,0.230329831,0.811544457,0.309036734,0.088184533,0.131988159,0.081999846,0.076763778,1.586703885,-0.329179688,-1.205865259,1.720279483,-0.125868273,0.059870552,0.371790852,0.117157011,0.046204297,0.450204791
284,78.2www,0.811951164,17.62572141,0.515766241,0.864477832,1.017387724,2.484878019,-0.264503008,-0.211196298,0.343587111,-0.023136968,-0.052526668,0.19518138,0.27906809,1.778319031,0.404065615,0.109038591,0.164979636,0.106768699,-0.26911721,1.397318465,-0.6546041,-1.936894963,2.082603161,-0.216701784,0.084662333,0.258065067,0.029597841,0.021566466,0.414721198
285,78.2x,0.742655797,16.23647608,0.540619922,0.816870232,0.920413434,1.14477284,-0.099951588,-0.017365757,-0.051085813,-0.096743076,-0.074214435,0.203059537,0.197675,0.381280379,0.331597143,0.055420146,0.1121705,0.053365102,-0.365481158,3.002443621,-0.301424757,-0.313347359,-0.455430021,-1.812852821,0.002201733,0.382255307,0.377748695,0.325519739,0.038340163
286,78.2xx,0.934477751,16.09915249,0.46280884,0.959949443,1.298922256,0.979352645,-0.851995786,-0.066970833,-0.132347775,-0.161565148,-0.025471692,0.205588095,0.270089779,0.472021504,0.554608388,0.081744281,0.171565228,0.068987752,-0.123896726,2.074805146,-1.536211505,-0.819272397,-0.771413745,-2.341939587,0.021942351,0.065823524,0.208523341,0.222292476,0.011887238
287,78.2xxx,1.021997763,13.64026256,0.456251464,0.875277311,0.845043285,2.408339454,-0.05873435,-0.06518393,0.167761433,-0.028651798,0.146720452,0.203876885,0.201794407,1.181605823,0.295613118,0.082120939,0.138553396,0.078907222,0.719652218,2.038191932,-0.198686549,-0.793755288,1.210807079,-0.363107424,0.023784662,0.421711592,0.215798979,0.11621656,0.359131651
288,78.2y,0.99363369,18.2198499,0.532701442,0.741837158,1.000077963,0.9352131,-0.168023023,-0.044488145,-0.021663089,-0.10812636,0.251796532,0.211641292,0.205592933,0.377206502,0.368534036,0.05644696,0.110091795,0.053811519,1.189732538,2.479313304,-0.455922675,-0.788140672,-0.196772967,-2.009353426,0.008533178,0.325343955,0.217420066,0.422455656,0.025329067
289,78.2yy,1.169266685,14.67555192,0.435193252,0.963427335,1.215279016,1.027212468,-0.704158332,-0.058197335,-0.100409203,-0.138088816,0.20583935,0.192870383,0.214009761,0.407883922,0.437846823,0.061711799,0.136878027,0.059100255,1.067241878,2.518394115,-1.608229853,-0.94305037,-0.733566991,-2.336518102,0.007750174,0.057468892,0.175402348,0.23355176,0.012041111
290,78.2yyy,0.635361555,17.16762875,0.481905536,0.661490784,0.931921715,2.152023557,-0.151061505,-0.140255673,0.270222307,-0.028882088,-0.026129229,0.176153967,0.257130394,1.178500691,0.357336129,0.100630551,0.154011485,0.095215982,-0.148331768,1.826068982,-0.42274344,-1.393768319,1.754559458,-0.303332354,0.0373152,0.337270695,0.085193796,0.04314842,0.381533128
291,78.2z,0.520082885,18.97421927,0.515873349,0.750261549,1.064200833,0.848821004,-0.247173356,-0.056390622,-0.019860906,-0.119971952,-0.230178664,0.212794618,0.22939714,0.380529352,0.460024581,0.059846218,0.113965366,0.057734639,-1.081694012,2.230632143,-0.537304671,-0.94225873,-0.174271422,-2.077989137,0.015426176,0.296882119,0.175602609,0.431225771,0.021788189
292,78.2zz,0.903616977,14.72029635,0.379130037,0.819852707,1.193012557,1.1411441,-0.705442914,-0.053297741,-0.098258776,-0.125324616,0.08376427,0.213863785,0.20969869,0.464143523,0.422934405,0.065263368,0.140232307,0.057381621,0.391671128,2.4586018,-1.667972399,-0.816656312,-0.700685724,-2.184055002,0.008976636,0.05121188,0.209262309,0.243594081,0.017166012
293,78.2zzz,0.88480603,15.60292399,0.491640889,0.794045664,0.929125916,2.477323611,-0.146610046,-0.153004774,0.292172,-0.025137138,0.090760366,0.191907905,0.245918934,1.287798262,0.361068737,0.101216077,0.163351142,0.103735754,0.47293709,1.923689202,-0.406044697,-1.511664728,1.788613143,-0.242318944,0.030439052,0.343338896,0.068884365,0.040281759,0.404829495
301,126,0.704424154,24.7792758,0.308620112,0.689997207,0.926218703,-5.049292849,-0.30980932,-0.071521162,-0.012519685,-0.424387106,0.014426947,0.148665068,0.260773312,1.952737301,0.257526691,0.090853217,0.054069321,0.38018891,0.097043285,-2.585751215,-1.203018295,-0.787216623,-0.231548768,-1.116253247,0.006552619,0.117701328,0.217687559,0.408980988,0.135186385
302,127,0,26.84795932,0.442633715,0.025639218,0.676215707,-0.268842666,-0.307043198,-0.18409016,0.115366689,-0.518158127,-0.025639218,0.067712351,0.401391225,1.748913986,0.236859102,0.075917191,0.049412392,0.586200649,-0.378649055,-0.153719776,-1.296311581,-2.42488108,2.334772411,-0.883926226,0.439266783,0.100813137,0.009743458,0.012091036,0.190770297
303,130,1.248393814,12.43177598,0.143108738,0.950139865,0.934421756,0.589657377,-0.177963006,-0.093337483,0.038490113,-0.07430929,0.298253949,0.189417974,0.194993477,1.599735824,0.434323604,0.0548911,0.091216338,0.178042082,1.574581028,0.36859672,-0.409747488,-1.70041197,0.421965122,-0.41736925,0.357097989,0.341989649,0.048056248,0.337552575,0.339218959
304,142,0.838550795,14.62307592,0.049114727,1.045561181,0.93223777,0.03538441,-0.173985765,-0.051535071,0.094215004,-0.221979259,-0.207010386,0.133160011,0.256029227,1.073382446,0.470195698,0.054214113,0.102253558,0.236654553,-1.554598748,0.032965333,-0.370028407,-0.950584048,0.92138607,-0.937988543,0.486925662,0.356568267,0.17350406,0.180936758,0.176685416
305,143,0.539491849,19.78082293,0.405273926,0.990117378,0.575839834,3.476154288,-0.31590881,-0.179118559,0.204276187,-0.568799029,-0.450625529,0.174666449,0.25934085,1.604987681,0.267430848,0.072929023,0.046480806,0.326038328,-2.57992036,2.165844841,-1.181272888,-2.456066876,4.394850348,-1.744577189,0.017892052,0.121920026,0.009032322,0.0000345,0.044020361
306,144.1,0,12.26865624,0.53096597,0.280378374,0.854548318,2.654820065,-0.399504435,-0.157766157,0.213843983,-0.321187136,-0.280378374,0.112499218,0.20153189,1.078451707,0.355201186,0.043387549,0.040662685,0.166015132,-2.492269537,2.461695826,-1.1247272,-3.636208051,5.258973559,-1.934685914,0.008909089,0.133401505,0.000360715,0.00000204,0.029737153
307,145.3,0.992145085,15.79176288,0.176896574,0.930637684,1.045800475,0.93699231,-0.359167786,-0.066719521,-0.031312175,0.058366242,0.061507401,0.202902927,0.239868209,1.106742206,0.537976816,0.042196919,0.127691008,0.13996923,0.303137081,0.846622009,-0.667626886,-1.58114676,-0.245218322,0.416993382,0.200893573,0.253929286,0.060503596,0.403713764,0.339355387
308,147,0.62844311,17.84943094,0.30679356,0.833893183,0.902672965,1.341309624,-0.133316094,-0.053479469,0.007595795,0.096001162,-0.205450073,0.197279311,0.264790613,1.107448867,0.593451576,0.041649272,0.128521577,0.145264526,-1.041417229,1.211170705,-0.224645277,-1.284043317,0.059101325,0.660871338,0.116147579,0.411647618,0.10292361,0.476569508,0.256070215
309,148,0.393659849,20.25176049,0.460964736,0.694857291,0.365419073,2.148076178,0.86061218,-0.061008422,0.286270274,0.079326099,-0.301197442,0.163512121,0.270740426,1.148624561,0.564165063,0.04383424,0.165710548,0.115070471,-1.842049629,1.870129066,1.525461671,-1.391798322,1.727532,0.689369727,0.034063942,0.067150283,0.085489822,0.045543192,0.247105148
310,150,1.817864773,14.93813228,0.445967161,1.199806354,0.779503283,5.747344794,-0.550232408,-0.073545116,0.243361359,-0.338530672,0.618058419,0.145418996,0.210820222,1.396374733,0.408331167,0.053637649,0.044637522,0.183450752,4.250190391,4.115904318,-1.347515087,-1.371147268,5.451945954,-1.845349055,0.0000833,0.092356287,0.08864112,0.00000107,0.035861546
311,152,0.496437679,6.967716233,0.338359458,0.645445461,0.622840449,-0.644982351,0.849390879,-0.124809944,0.343002362,0.118349535,-0.149007782,0.188085525,0.1377466,1.699010631,0.337928307,0.04450127,0.097726007,0.0941543,-0.792234179,-0.379622316,2.513523908,-2.804637827,3.509837086,1.256974295,0.353025968,0.007844052,0.003735254,0.00052398,0.107697356
312,153.1,0.945734798,11.75536723,0.178362982,0.846139,0.71659835,0.844452289,0.492453328,-0.073591665,0.134990087,-0.030278245,0.099595798,0.198258217,0.186724063,2.429628509,0.568424068,0.04192115,0.088289272,0.109593245,0.502353948,0.347564365,0.866348481,-1.75547821,1.52895233,-0.27627839,0.364912272,0.195499444,0.043068898,0.066717136,0.39181393
313,153.2,0.771189327,10.12711927,0.158405831,0.812602524,0.73978277,0.230017969,0.493568849,-0.077889676,0.155653441,0.037285114,-0.041413197,0.202421457,0.160721522,1.752649361,0.505924173,0.041384381,0.079277986,0.088334638,-0.204588966,0.131240152,0.975578705,-1.882103212,1.963387942,0.422089395,0.448091794,0.167303321,0.033223132,0.02797027,0.337507561
314,154,0,8.213984876,0.180626628,0.747969242,0.881370198,-1.140895581,0.085857529,-0.080310536,0.131642141,0.163798271,-0.747969242,0.201860305,0.132509495,1.50469167,0.358979113,0.041505021,0.073605189,0.083493628,-3.705380514,-0.758225491,0.239171379,-1.934959544,1.788489952,1.961805635,0.226179148,0.406041639,0.029719866,0.040291834,0.028065267
315,158.2,1.435806763,8.175139684,0.189581561,1.008282483,0.835050077,-1.059877682,0.237492592,-0.08589045,0.166737405,0.154618253,0.42752428,0.175918768,0.132160939,1.504690767,0.35855793,0.041180653,0.074507494,0.08302566,2.430236894,-0.704382392,0.662354873,-2.08569906,2.237860861,1.862294787,0.242453166,0.255599229,0.021418804,0.015170668,0.034623794
316,159,0.393181242,6.746541013,0.211250811,0.612327457,0.824464097,-1.162747512,0.21037143,-0.075280074,0.151736609,0.182768841,-0.219146215,0.192425309,0.115550801,1.568221173,0.256786666,0.0423239,0.07344549,0.086451266,-1.138863779,-0.741443575,0.819245926,-1.778665812,2.065975848,2.114125683,0.231181877,0.208530811,0.041102112,0.022374841,0.020103783
324,46,2.034364389,9.795589717,0.390229823,1.425166777,1.515405338,-9.24939483,-0.318622792,0.061148174,-0.151929168,0.259031579,0.609197612,0.118386569,0.163794546,2.246876826,0.281856651,0.095241447,0.062598013,0.120298588,5.145833843,-4.116556245,-1.130442695,0.642033229,-2.427060571,2.153238743,0.0000832,0.13220715,0.262091351,0.009692161,0.018410396
325,47,0.95542686,12.7680344,0.318279256,0.641614266,1.310087978,-7.14704492,-0.322795094,-0.018517218,-0.094231281,0.114623414,0.313812594,0.199962958,0.158540773,2.10482498,0.278574994,0.099347785,0.059595756,0.148705231,1.569353629,-3.395553068,-1.158736786,-0.186387829,-1.581174355,0.770809564,0.000730696,0.126406937,0.426498671,0.06050044,0.222469667
326,57.1,0.594896788,8.999903609,0.12286754,0.938782283,1.093594094,2.194736943,-0.668389955,0.013448247,-0.168954649,-0.052653553,-0.343885495,0.16222338,0.170811484,1.63607631,0.364515868,0.042001745,0.089653703,0.05932249,-2.119826961,1.341463677,-1.833637474,0.32018305,-1.884525043,-0.887581643,0.093326528,0.036738728,0.375172576,0.033055241,0.189796031
327,58.2,1.071393121,10.90658923,0.23071485,1.170304859,1.320996546,-0.103095029,-0.992929422,-0.02532774,-0.228638174,-0.075415296,-0.098911738,0.152196691,0.170806046,1.70781212,0.365429917,0.044199114,0.087386549,0.083372617,-0.64989414,-0.060366728,-2.717154168,-0.573037285,-2.616400096,-0.904557135,0.47606846,0.004689993,0.284768296,0.006065866,0.185313195
328,59,1.032991422,10.43762176,0.213203238,0.773449202,1.292890954,0.279716372,-0.971135214,-0.021036288,-0.224595726,-0.072470822,0.25954222,0.190914299,0.16494578,1.57397119,0.357565561,0.043179049,0.084957423,0.07476132,1.359469779,0.177713782,-2.71596406,-0.487187399,-2.643626884,-0.96936252,0.429881699,0.004704411,0.314271988,0.005661494,0.168831481
329,61,0.234354907,9.83331893,0.176541348,0.78057781,1.24698248,0.62504189,-0.966091963,-0.027689302,-0.193912712,-0.065571477,-0.546222903,0.158414347,0.158985402,1.241203623,0.349009476,0.043565415,0.085674702,0.078360738,-3.448064604,0.503577236,-2.768096655,-0.635579899,-2.263360207,-0.836789937,0.308535247,0.004109745,0.264171133,0.014299135,0.203616287
330,76.2,0.794655186,14.18626291,0.339198913,0.864099482,0.59211105,2.00973938,0.335392694,0.030975558,0.269117183,0.112117836,-0.069444296,0.180944595,0.244329008,1.310677778,0.478629162,0.077749945,0.189814653,0.094687765,-0.383787622,1.533358858,0.700736021,0.398399745,1.417789297,1.184079447,0.066173537,0.243578538,0.34613114,0.081647852,0.121369446
331,77.2,0.783454856,14.63434452,0.19614693,0.986560377,0.335511393,1.121268018,1.105975848,0.068455497,0.13369529,-0.040948425,-0.203105521,0.187748701,0.282081402,1.196892992,0.607033929,0.064494743,0.17528233,0.109501267,-1.081794546,0.936815593,1.821934155,1.061412056,0.762742542,-0.37395389,0.176983608,0.037633354,0.147147058,0.224843487,0.355117317
332,77.4,0.438957132,12.30770496,0.364115296,0.581613631,0.567311577,2.831437927,0.177334131,0.123139443,-0.087407652,0.022907038,-0.142656499,0.106666401,0.246407371,1.137104828,0.487862719,0.069838184,0.181004601,0.090787842,-1.337408012,2.49004125,0.363491868,1.763210828,-0.482902929,0.252313938,0.008311381,0.358989087,0.042404448,0.315779392,0.400986683
428,78.2p,0.705009376,24.94667938,0.231201649,0.838245233,0.870260126,0.937613413,-0.153365955,-0.016031076,0.037822924,-0.002325177,-0.133235857,0.12518204,0.272732441,0.451999881,0.490877073,0.061160571,0.19238243,0.071174925,-1.064336841,2.074366506,-0.312432507,-0.262114556,0.196602797,-0.032668485,0.021963664,0.378093899,0.397228199,0.422521838,0.487043351
