MSSA_ID,Breast Cancer,Breast Cancer_Local R square ,Breast Cancer_Residual,Breast Cancer_% of Black population,Breast Cancer_% of Hispanic population,Breast Cancer_Affluence score,Breast Cancer_Standardized % of health-insured population,Breast Cancer_Standardized population density,Colorectal Male,Colorectal Male_Local R square,Colorectal Male_Residual,Colorectal Male_% of Black population,Colorectal Male_% of Hispanic population,Colorectal Male_Affluence score,Colorectal Male_Standardized % of health-insured population,Colorectal Male_Standardized population density,% of Black population,% of Hispanic population,Affluence score,Standardized % of health-insured population,Standardized population density
115.1,Breast Cancer,0.131369031,-0.197288376,-2.092917587,-0.088311642,-0.06234651,0.04565273,-0.076656747,Colorectal Male,0.361578214,-0.26722644,-0.714530391,0.679735711,-0.077072156,-0.011593711,-0.14785965,0.004366888,0.231999584,1.727544271,0.400200989,0.047068982
115.2a,Breast Cancer,0.176116634,0.002904708,-3.287638553,0.025574068,-0.0807311,0.076718392,-0.092755395,Colorectal Male,0.364580857,0.073164328,-2.075061973,-0.099023158,-0.087452554,-0.183632168,-0.18366655,0.012385448,0.204707898,2.119876776,0.988901553,0.337339864
115.2b,Breast Cancer,0.154422459,0.164897597,-2.594783034,-0.055376804,-0.076732547,0.041677684,-0.097488597,Colorectal Male,0.397598233,0.228731805,-1.943753665,0.477268466,-0.052380545,-0.093074567,-0.184465036,0.013272783,0.142022436,3.140712048,1.49301765,-0.56125987
115.2c,Breast Cancer,0.162469671,-0.055094177,-1.430772525,0.008303895,-0.074158392,0.086172892,-0.069556415,Colorectal Male,0.346007315,-0.23240643,-0.4592151,0.1882142,-0.097063175,-0.096245059,-0.153081688,0.023327127,0.133330692,3.096096009,1.078081769,0.177094209
115.2d,Breast Cancer,0.188063611,0.143158352,-0.884277329,0.109721789,-0.081063629,0.127353134,-0.05798008,Colorectal Male,0.351067524,-0.178063375,0.820935249,-0.420026841,-0.090788774,-0.25151929,-0.172039733,0.011783272,0.200289321,1.185922985,0.862323359,-0.031125891
116a,Breast Cancer,0.328799664,-0.213710792,1.617606221,0.131191827,0.03036218,0.096877157,0.046275266,Colorectal Male,0.06961803,0.264997669,1.480173104,-0.096937713,-0.01117754,-0.18613094,-0.179500449,0.04757284,0.41152248,0.131738253,-0.093457848,0.904267327
116b,Breast Cancer,0.233897283,-0.030928659,1.105666101,-0.010286198,-0.065671402,0.075109788,-0.075030853,Colorectal Male,0.363485696,-0.03018802,2.611010075,-1.155403588,-0.131445272,-0.522486609,-0.38428907,0.008154411,0.902850185,-1.177657267,-2.432224473,3.174862916
116c,Breast Cancer,0.282068532,0.088562115,1.578579784,0.061589459,0.007299165,0.069112649,-0.009266702,Colorectal Male,0.139715424,0.058910338,1.762623092,-0.535689232,-0.074169263,-0.329248343,-0.296536856,0.031634475,0.461369907,-0.269842979,-0.553931714,1.52927244
116d,Breast Cancer,0.243615544,0.066621043,0.487475443,0.157373298,-0.07789639,0.133097193,-0.069010952,Colorectal Male,0.418347801,-0.007905116,2.971886023,-1.214441314,-0.099693619,-0.554290918,-0.340347975,0.006529304,0.088542753,4.1154358,1.159371596,-0.147500115
116e,Breast Cancer,0.359101854,-0.079629458,1.578915032,0.172854484,0.04032064,0.086497474,0.026080694,Colorectal Male,0.187095919,0.331739682,1.575575535,-0.210616279,-0.007534827,-0.313119807,-0.285860846,0.023961592,0.191744456,1.671615894,0.774724506,0.539187064
116f,Breast Cancer,0.250997974,0.057506004,1.509850887,-0.00370855,-0.038093978,0.132127897,0.04222376,Colorectal Male,0.099473709,0.033777899,1.405702844,-0.506693086,-0.157841812,-0.109844648,-0.160026805,0.022313702,0.37743369,0.879736391,-0.204416725,0.515427788
116g,Breast Cancer,0.245621307,-0.159887851,1.0248583,0.006956274,-0.07056251,0.076371888,-0.087353917,Colorectal Male,0.409505772,-0.089195846,2.889712542,-1.317507187,-0.125676367,-0.582300131,-0.40019896,0.013025695,0.817051215,-0.537632709,-1.44646396,1.472038455
116h,Breast Cancer,0.229469205,0.324413568,0.735021001,0.008273469,-0.08508506,0.103678856,-0.069150997,Colorectal Male,0.391564291,0.05272453,2.867825972,-1.310918477,-0.128029549,-0.536214935,-0.344943857,0.019142146,0.432715396,0.901678802,-0.038302969,0.460858561
116i,Breast Cancer,0.238033967,-0.046074563,1.21266157,0.021277332,-0.030867421,0.068074506,-0.047896775,Colorectal Male,0.299220161,0.454802192,1.981558423,-0.872254894,-0.110624845,-0.462976815,-0.37724819,0.006865613,0.468192169,-0.657285552,-0.830651262,1.721978397
116j,Breast Cancer,0.253284456,0.061976604,1.160159923,0.050279964,-0.024593855,0.064259505,-0.056964282,Colorectal Male,0.381890985,-0.069779576,2.243256158,-1.082881381,-0.099791623,-0.559183633,-0.416766687,0.011437846,0.183576166,1.259955335,0.918956525,0.583633454
116k,Breast Cancer,0.302904533,0.160539601,1.556771539,-0.016009749,-0.054425706,0.175106573,0.079231691,Colorectal Male,0.080798115,-0.139176093,1.304387433,-0.38250633,-0.178498951,0.004109578,-0.128933264,0.014929266,0.433119587,0.778075612,-0.015998926,0.497518643
116l,Breast Cancer,0.234852768,0.063711559,1.436252207,0.000661878,-0.030885651,0.08688657,-0.012006621,Colorectal Male,0.161024315,-0.470700083,1.685275784,-0.654533888,-0.131165951,-0.295502939,-0.280579788,0.019591228,0.698127654,-0.724568757,-1.039048755,1.538183179
116m,Breast Cancer,0.287689408,0.000219568,0.548982124,-0.098055644,-0.136405643,0.21214613,0.028134837,Colorectal Male,0.291986572,0.233054618,-0.234979041,-0.971533252,-0.269294891,-0.099716593,-0.195843986,0.012646754,0.221692277,2.864408309,1.026222423,-0.114162142
116n,Breast Cancer,0.258173109,0.021661672,-1.245340515,0.060758273,-0.127580315,0.194398032,-0.020296624,Colorectal Male,0.290801796,-0.234599164,-0.48185012,-1.09722011,-0.125807556,-0.350710911,-0.190339613,0.009425093,0.247975541,2.702882416,0.865688225,-0.334839558
116o,Breast Cancer,0.247066983,0.006984253,-0.158741044,0.130385066,-0.095720974,0.150104351,-0.06196571,Colorectal Male,0.396217315,-0.428094765,2.617870158,-1.370611073,-0.100173002,-0.544212789,-0.288884856,0.020168986,0.141869143,2.036470775,0.932933338,0.724550965
116p,Breast Cancer,0.243843373,0.055232487,0.928531036,0.041863948,-0.056612453,0.075978978,-0.081348253,Colorectal Male,0.435491327,0.030619441,2.686216946,-1.294809019,-0.111411491,-0.606396887,-0.412490261,0.015055883,0.358348103,1.188187742,-0.270911879,0.440400169
116q,Breast Cancer,0.204270159,0.1377968,1.256800751,-0.03800929,-0.07207611,0.108133934,-0.02322583,Colorectal Male,0.253631804,-0.104614695,2.265800861,-0.89829087,-0.166464337,-0.330710228,-0.283866755,0.017546942,0.55266878,0.334873865,-0.195664922,0.689566261
116r,Breast Cancer,0.245121183,0.188237581,1.343584418,0.023983583,-0.023130328,0.068302007,-0.037154933,Colorectal Male,0.240529074,0.168726273,1.858060369,-0.772515714,-0.111542481,-0.411457715,-0.354762748,0.011087477,0.470286654,-0.194196375,-0.679109021,1.433282649
116s,Breast Cancer,0.287695599,-0.080794924,1.359120947,0.093961692,0.003886112,0.068212078,-0.027885011,Colorectal Male,0.302946372,-0.047035644,1.898279074,-0.791205567,-0.079431484,-0.473664905,-0.387247136,0.007305131,0.29118976,-0.239560452,-0.233419516,1.26142617
116t,Breast Cancer,0.25476232,-0.043257823,1.098124631,0.060508596,-0.020461677,0.066366884,-0.052844888,Colorectal Male,0.432469923,-0.014993593,2.289487398,-1.199907854,-0.093590721,-0.605793167,-0.428651574,0.007649276,0.149969597,1.719492085,1.035903299,0.737293703
116u,Breast Cancer,0.356430592,-0.027255752,1.468004186,0.164733177,0.032076517,0.077529247,-0.000193691,Colorectal Male,0.328228613,-0.31130905,1.746507479,-0.609409826,-0.040914272,-0.457721058,-0.380918513,0.00439247,0.139714775,1.472088541,1.070051689,0.052394327
116v,Breast Cancer,0.228565453,-0.249562402,-2.367534373,0.080669866,-0.103536741,0.135133144,-0.072031788,Colorectal Male,0.358284215,0.292013927,-0.798667709,-1.092297733,-0.083310824,-0.426705345,-0.208024102,0.018124951,0.106359986,3.009575335,1.226785955,-0.28231338
128,Breast Cancer,0.470270178,0.018823885,1.507014935,-0.123060067,-0.162255491,0.159135855,-0.186208689,Colorectal Male,0.065199348,-0.504100197,1.430385348,-0.220277413,0.036888636,-0.038966878,-0.596320395,0.008393056,0.853274825,-1.897693743,-1.331610332,-0.626026378
129.1,Breast Cancer,0.298811694,-0.171338951,0.283896339,-0.242440728,-0.146206689,0.13589333,-0.214952606,Colorectal Male,0.086452333,-0.157573371,-0.805210019,-1.029765705,-0.07490861,-0.033897993,0.027789433,0.012580377,0.285778573,0.471127974,0.556655681,-0.504948881
129.2,Breast Cancer,0.525798408,-0.135485232,0.908463463,-0.270969761,-0.171113965,0.171285851,-0.330633398,Colorectal Male,0.080308945,0.449309289,2.814507315,-0.711610911,-0.078059753,0.070023873,-0.49623797,0.028685393,0.571415258,-0.232662788,-0.090778771,-0.517453161
129.3,Breast Cancer,0.204808225,-0.030900917,0.181970861,-0.376679393,-0.121235465,0.056641627,-0.081658439,Colorectal Male,0.104245405,-0.247550942,-1.285222422,-1.097076903,-0.094868294,-0.019915372,0.148558499,0.026117736,0.248427781,-0.135022343,0.099169003,-0.63738348
129.4,Breast Cancer,0.355803203,0.069099219,-0.344460175,-0.323494124,-0.152971713,0.15705055,-0.07534112,Colorectal Male,0.243132048,-0.075234846,-1.77094947,-0.948940883,-0.16644897,0.242500806,0.029362925,0.038108168,0.475416453,-1.50779036,-0.655815659,-0.601008164
131a,Breast Cancer,0.195125033,-0.374073948,-1.04465972,0.001978047,-0.071535758,0.041023747,-0.108251923,Colorectal Male,0.348194501,0.366262934,1.410353662,1.045990013,0.031474523,-0.014632035,-0.256622592,0.049205038,0.397831922,0.009630532,0.055615647,-0.518456623
131b,Breast Cancer,0.21170813,0.013030378,-0.652794871,0.137624386,-0.072406784,0.053660337,-0.142665788,Colorectal Male,0.054017751,0.500333723,0.609324526,-0.299439791,-0.047073095,-0.082536744,-0.094255138,0.052716309,0.273240766,1.217322262,0.463989321,-0.521146987
131c,Breast Cancer,0.201042322,0.066022241,-0.526687442,0.124305247,-0.065217699,0.054489861,-0.113251111,Colorectal Male,0.106891362,-0.46698168,0.4655733,0.353024805,-0.027012913,-0.0207625,-0.20749909,0.028237256,0.225535565,0.795457501,0.710531199,-0.586902273
132,Breast Cancer,0.190019304,-0.050093736,-0.272813042,-0.117228136,-0.078214053,0.006815308,-0.089684184,Colorectal Male,0.068901395,0.091808586,1.29128726,-0.860279579,-0.051886078,-0.14629039,0.021971487,0.052823289,0.391455658,-3.149814183,0.012030669,-0.431032622
133.1,Breast Cancer,0.230967285,0.099553629,-0.352875291,-0.077847057,-0.083670353,0.03301325,-0.093585744,Colorectal Male,0.142947417,-0.078540004,2.315683853,-0.062770423,-0.031625405,-0.072842118,-0.200396341,0.070245567,0.488708205,-1.072159617,-0.193371232,-0.450330483
133.2,Breast Cancer,0.210427064,0.342365872,-0.130975019,-0.137556583,-0.079577865,0.015833836,-0.062684039,Colorectal Male,0.099837887,-0.664933452,2.109965526,-0.788858102,-0.047189425,-0.153277391,-0.057122035,0.044332816,0.436821522,-0.207686132,-0.245790284,-0.611528392
133.3,Breast Cancer,0.256799956,0.118425292,-0.416752665,-0.400578684,-0.100332159,-0.004508242,-0.049370159,Colorectal Male,0.258794025,0.219515134,1.925462348,-0.111104309,-0.009494769,-0.161434439,-0.202409396,0.047144112,0.669595782,-0.45594593,-1.896985031,-0.64670447
134,Breast Cancer,0.199700577,-0.184930558,0.384117458,-0.419570511,-0.074929219,-0.046143115,-0.009031648,Colorectal Male,0.112469325,-0.254940537,1.428855482,-1.52358488,-0.071388845,-0.197801097,0.026286701,0.100139978,0.400892535,-0.549687262,0.113035913,-0.607914729
135a,Breast Cancer,0.339127963,0.146136411,1.188777435,0.056334184,-0.064417738,0.056165844,0.051097429,Colorectal Male,0.113941515,0.166852717,1.239804679,-0.699940263,-0.068029321,-0.113698804,-0.094949101,0.065505596,0.644691916,-2.023270219,-0.827624296,-0.088386063
135b,Breast Cancer,0.277834216,-0.270527189,0.361520417,-0.306192872,-0.087052021,0.003834104,-0.006314142,Colorectal Male,0.162346078,-0.233364976,1.915579018,-0.873621123,-0.038428174,-0.233029406,-0.094172246,0.104168542,0.44817075,-0.099348811,-0.145455422,-0.335318032
135c,Breast Cancer,0.342128058,-0.003006832,0.85612856,-0.014426239,-0.07430153,0.057165095,0.038408155,Colorectal Male,0.141683118,-0.090276957,1.171508257,-0.67510911,-0.062914432,-0.153222342,-0.112343269,0.044010028,0.563084429,-0.692394657,-0.49367203,0.255063127
135d,Breast Cancer,0.340902462,-0.104710716,-0.113568775,-0.315095069,-0.10428992,0.033282441,0.005825851,Colorectal Male,0.214099829,-0.331158455,0.841763737,-0.593318528,-0.045822222,-0.222469279,-0.127124901,0.044082618,0.628356772,-1.171918176,-0.662587773,-0.062472978
135e,Breast Cancer,0.39818087,-0.094182074,0.638821803,0.093327605,-0.086386979,0.116319183,0.056333541,Colorectal Male,0.129400666,-0.270264732,0.392211149,-0.306483713,-0.071506211,-0.084883517,-0.083271133,0.062187756,0.453555667,1.133086393,0.030266604,-0.117954723
135f,Breast Cancer,0.203737902,-0.058967153,-1.613187472,-0.196100702,-0.101977479,0.040416213,-0.062927872,Colorectal Male,0.375628494,-0.000608907,-0.624646985,-0.52739604,-0.041817823,-0.283678625,-0.174823542,0.041570889,0.364455996,1.444326673,0.560769635,-0.3788579
135g,Breast Cancer,0.25660537,-0.042989263,0.80205557,-0.142008446,-0.070949674,0.011865771,0.004428742,Colorectal Male,0.105551118,-0.076112239,1.56853293,-0.97341882,-0.058582302,-0.173072065,-0.060697137,0.157750192,0.516598923,-0.965455655,-0.285041323,0.034343065
144.2,Breast Cancer,0.473175032,0.506790569,-0.282661259,-0.342354072,-0.155139296,0.192959412,0.001550897,Colorectal Male,0.389976171,0.666729957,-1.899725737,-1.111008311,-0.212998421,0.34711543,-0.090008423,0.022975799,0.165997741,-0.886263766,-0.137756348,-0.685836036
144.3,Breast Cancer,0.622828959,0.00185089,4.082110052,-0.284316394,-0.206814607,0.237129904,-0.660009638,Colorectal Male,0.302790542,-0.189471237,13.78164283,-0.144218614,-0.058705806,0.328097133,-1.574525358,0.066031384,0.197731628,-0.607259725,-0.172355983,-0.692495212
145.1a,Breast Cancer,0.276240356,0.008657809,0.964443777,0.595529178,-0.043763801,0.116430823,-0.008110929,Colorectal Male,0.231661165,0.08713659,-2.808658717,-1.199300188,-0.187344134,0.169177843,0.07907222,0.11561251,0.483791041,-2.774797108,0.032866762,-0.489703608
145.1b,Breast Cancer,0.187802166,-0.022770548,0.861829251,0.057443199,-0.057960452,0.031958332,0.019146228,Colorectal Male,0.24292738,-0.230867204,-3.018129969,-1.076252552,-0.194817565,0.219000694,-0.026321846,0.074389812,0.327171648,-1.277795712,0.306639927,-0.536245799
145.2,Breast Cancer,0.22883201,-0.050260746,0.00019295,1.086510216,-0.02621556,0.126739741,-0.100112616,Colorectal Male,0.278772682,-0.13765237,-2.443408705,-1.73763191,-0.217271051,0.162926169,0.197797726,0.182369348,0.473619161,-1.176928278,-0.833538369,-0.656166921
146,Breast Cancer,0.178862104,-0.020875451,0.250154317,-0.344476613,-0.095100689,0.03488969,0.03550523,Colorectal Male,0.189711543,-0.357764044,-1.532243706,-1.134911621,-0.161927659,0.161011906,-0.041617191,0.005996003,0.19238155,-0.412579026,-0.705076086,-0.685457564
149,Breast Cancer,0.138678132,0.383359252,-0.853228458,0.600232792,-0.077235895,0.114149036,-0.136225214,Colorectal Male,0.366715107,0.444397957,-2.498987844,-3.296990436,-0.239052471,0.058101722,0.254375159,0.083514303,0.358207279,-0.967828955,0.322785811,-0.690285382
151a,Breast Cancer,0.606417824,-0.038610129,1.510713763,-0.128623678,-0.183122355,0.330770002,0.107621046,Colorectal Male,0.290563885,0.053622832,-1.388162113,-0.575875554,-0.248433738,0.047775114,-0.107881851,0.037836596,0.415228121,1.34547332,-0.087440621,-0.288293933
151b,Breast Cancer,0.534847925,0.183808608,1.98589465,0.601209004,-0.0758184,0.28980273,0.16990347,Colorectal Male,0.11735563,-0.325213261,-0.722301387,0.566173578,-0.120415972,0.259580107,-0.093842453,0.073424658,0.537872976,-0.249801033,-0.092642904,0.404607249
151c,Breast Cancer,0.54072259,0.073362467,2.300652766,0.482749981,-0.090109406,0.327687155,0.193505772,Colorectal Male,0.144655361,0.786579818,-1.282937168,0.564070573,-0.12910925,0.22253536,-0.085825828,0.04494157,0.719625794,-1.904282534,-0.935875659,0.603796503
151d,Breast Cancer,0.552247213,-0.005130891,2.482643784,0.609319972,-0.076999502,0.333169359,0.205650273,Colorectal Male,0.133057711,-0.079839731,-1.292591706,0.690770788,-0.122993675,0.269941721,-0.104374856,0.037777544,0.313550107,0.809866033,0.778530271,0.071144774
151e,Breast Cancer,0.477402338,-0.077826481,1.798448862,0.323703228,-0.065073525,0.162680629,0.131026021,Colorectal Male,0.132838597,0.263122849,-0.311414805,-0.285167024,-0.116710172,0.097582609,-0.166351919,0.122768381,0.438634473,1.845490369,0.547866904,-0.130393123
151f,Breast Cancer,0.37045652,-0.075870095,1.473017928,0.050231637,-0.059504033,0.056343123,0.080021566,Colorectal Male,0.114105165,-0.289361298,0.730177367,-0.689080583,-0.091968942,-0.047658233,-0.126352683,0.049309732,0.799103707,-2.195136115,-1.159528445,0.013791366
151g,Breast Cancer,0.339913415,0.097705061,1.516032347,-0.176726943,-0.055384071,0.00169373,0.095555744,Colorectal Male,0.13172681,0.198501543,-0.290173088,-0.748577331,-0.118766286,0.018822571,-0.15438178,0.136287738,0.677576861,-4.046409315,-0.822138361,0.328086559
151h,Breast Cancer,0.401413629,-0.222131868,1.634387783,0.047140083,-0.058433813,0.064680131,0.104247159,Colorectal Male,0.125042853,-0.493668081,0.284123647,-0.610994613,-0.104875799,-0.002337596,-0.153062009,0.103187478,0.75251228,-2.588327535,-1.130055269,0.75237844
151i,Breast Cancer,0.271322558,0.290230828,1.191680187,-0.189528912,-0.060127955,-0.012222123,0.038526886,Colorectal Male,0.108947514,0.335600152,0.544135738,-1.00883912,-0.09740843,-0.069267225,-0.102562489,0.095140582,0.3678185,0.326418698,0.442601165,-0.260701145
151j,Breast Cancer,0.216302369,0.141754618,0.887706445,-0.404609419,-0.067310627,-0.051918224,0.020795116,Colorectal Male,0.122621587,-0.19726428,0.756924997,-1.427700835,-0.093155816,-0.133507023,-0.030068427,0.027404755,0.252402268,0.62533717,0.643330121,-0.422459537
151k,Breast Cancer,0.294619462,0.021268395,1.326497494,-0.207785389,-0.056749049,-0.014290353,0.067184209,Colorectal Male,0.121711272,0.000523797,-0.116363461,-0.878482552,-0.11378077,-0.006226467,-0.128302704,0.119715709,0.560489795,-2.994108871,-0.647277807,0.167471307
151l,Breast Cancer,0.484754081,-0.052188674,1.383132182,0.413813488,-0.078724372,0.22128159,0.136894667,Colorectal Male,0.108014368,0.247938257,-0.434034377,0.249550834,-0.103438372,0.129830173,-0.06786709,0.078253807,0.600900599,0.075352206,-0.412547683,-0.246465322
155,Breast Cancer,0.197831188,-0.113353354,-1.236840186,0.185556067,-0.079565984,0.148631463,0.171467606,Colorectal Male,0.282219974,-0.256616442,0.035808814,0.751208462,0.009016765,-0.194612019,0.117556459,0.01152461,0.156872749,0.294004455,0.717239255,-0.648000122
156a,Breast Cancer,0.095247907,-0.096656772,-0.176580226,-0.314311833,-0.06434123,0.013606741,0.068592018,Colorectal Male,0.165050587,0.079759498,3.413160993,0.738749122,-0.033125937,0.016637905,-0.013724292,0.035436614,0.38934382,0.057095154,-0.446885309,0.330771082
156b,Breast Cancer,0.109855564,-0.001242121,-0.384995021,-0.279441145,-0.067118492,0.022545432,0.084034895,Colorectal Male,0.203708987,0.284330802,2.689292273,0.872490792,-0.013185581,-0.020012924,0.030565921,0.025076831,0.187203361,1.922537918,0.801280575,-0.075995754
156c,Breast Cancer,0.129725035,0.239633466,-0.734749455,-0.195598089,-0.071778388,0.046040132,0.110168468,Colorectal Male,0.266899032,0.397571596,1.53514213,0.958962948,0.008022034,-0.084394681,0.085269502,0.015699107,0.12944442,3.335106214,1.096787954,-0.308369999
156d,Breast Cancer,0.098718081,-0.220485304,0.286649972,-0.042834092,-0.067655117,0.058848849,0.044692009,Colorectal Male,0.134198855,-0.18217829,3.272174648,0.936168731,0.001990735,-0.009905417,-0.022636101,0.028585695,0.491644302,-0.201628547,-0.830778384,-0.220900039
156e,Breast Cancer,0.127584312,0.195407662,-0.607917547,-0.037648273,-0.074170261,0.07809193,0.104471435,Colorectal Male,0.22551527,-0.526190748,1.734064437,0.970102253,0.01872436,-0.0998235,0.059217739,0.015210768,0.539401253,-0.894113624,-1.132389697,0.359018725
156f,Breast Cancer,0.135812792,0.026860917,-0.531953829,0.119762806,-0.077554566,0.110522994,0.099573898,Colorectal Male,0.201495906,-0.232440481,1.670182697,0.885995181,0.021760535,-0.134092233,0.037654858,0.021077122,0.220912197,1.483089325,0.840162249,-0.543323914
157,Breast Cancer,0.194146809,0.153022666,-1.297230426,0.073396315,-0.074982148,0.120781976,0.17773796,Colorectal Male,0.319844155,0.018151533,-0.145890744,0.817128127,0.004299892,-0.172638479,0.142641697,0.058876812,0.32640665,0.208842735,-0.564267886,-0.67680503
158.1,Breast Cancer,0.168315304,0.033343718,-0.946648671,0.141146008,-0.08273665,0.139332425,0.142539813,Colorectal Male,0.234460698,1.348254948,0.644888007,0.728434008,0.012155137,-0.189093098,0.07440825,0.011933083,0.292993631,0.027670088,-0.06707602,-0.643688992
160,Breast Cancer,0.100287296,0.031867759,-0.64941017,-0.031680603,-0.050971226,0.030719606,-0.067552038,Colorectal Male,0.201541084,-0.116130101,1.153325586,0.97312921,-0.005873226,0.036095503,-0.237265305,0.052136664,0.276088376,0.43812555,-1.618639951,-0.642824882
161a,Breast Cancer,0.161636444,0.109218301,-1.146618896,-0.206286599,-0.071930654,0.05142319,0.148677459,Colorectal Male,0.342479859,-0.431187378,0.38145404,0.854468777,0.000668655,-0.129243925,0.142978173,0.028780654,0.181914169,2.338593197,0.44601924,0.351377396
161b,Breast Cancer,0.1691539,-0.024259047,-1.192484839,-0.163907693,-0.072627265,0.065281036,0.15893332,Colorectal Male,0.341201052,-0.538766333,0.20733583,0.829495183,-0.000598561,-0.138861495,0.148146071,0.046172249,0.181070574,1.740138155,0.284573714,0.371618761
161c,Breast Cancer,0.174962719,0.079882862,-1.227397267,-0.14919543,-0.072891552,0.070823312,0.164884976,Colorectal Male,0.343969173,0.370901228,0.092230263,0.816797949,-0.001903613,-0.142571969,0.153582501,0.087959047,0.564214389,-1.1264409,-2.352158119,1.274408951
161d,Breast Cancer,0.174739298,-0.035452254,-1.223213388,-0.132828063,-0.073352464,0.075447472,0.165590079,Colorectal Male,0.33739678,0.067192851,0.105924535,0.814727639,-0.000653484,-0.145313579,0.150604281,0.118037122,0.49391725,-1.42123324,-0.831547662,1.893214342
161e,Breast Cancer,0.172098508,-0.17424819,-1.19511205,-0.129655606,-0.073577176,0.076016323,0.162920793,Colorectal Male,0.331803973,0.126683477,0.159567287,0.812623551,-0.00086407,-0.144974435,0.145734982,0.092287898,0.258349416,0.191725841,-0.194255688,1.512729637
161f,Breast Cancer,0.177281067,0.224525222,-1.23348628,-0.094783709,-0.074366873,0.086430702,0.169139081,Colorectal Male,0.327128552,0.359219544,0.089543773,0.807741493,0.001506283,-0.15231158,0.146991356,0.105988185,0.260215212,-0.086351543,0.059433546,0.742672567
161g,Breast Cancer,0.180361247,0.057786994,-1.270525933,-0.119642177,-0.073544547,0.079961554,0.171492459,Colorectal Male,0.341957403,-0.433828392,0.011278832,0.814666795,0.000350483,-0.148839584,0.156770953,0.14350648,0.572899818,-1.551295751,-1.106534949,0.956821089
161h,Breast Cancer,0.178231964,-0.121688126,-1.210019965,-0.037748005,-0.0758057,0.100651486,0.168918309,Colorectal Male,0.309581658,-0.056393965,0.11203627,0.794756317,0.002882708,-0.161085676,0.136075485,0.064030089,0.336811568,-1.9821875,-0.359573137,0.871326378
161i,Breast Cancer,0.179912344,-0.129968733,-1.23081373,-0.050337693,-0.07486075,0.096355333,0.170321607,Colorectal Male,0.319655701,0.485220556,0.043352825,0.800856892,0.001241216,-0.1580436,0.142688194,0.089207343,0.305130324,0.243911578,0.478730619,0.135540332
161j,Breast Cancer,0.186737445,0.074624136,-1.310531369,-0.107286971,-0.072870077,0.081806936,0.176047248,Colorectal Male,0.35262402,-0.063246856,-0.124182905,0.816888867,-0.001368401,-0.149577128,0.164955704,0.032193961,0.655603074,-1.733487467,-0.776818608,-0.023295385
161k,Breast Cancer,0.183255557,-0.003243177,-1.296873817,-0.133784858,-0.073094665,0.0762596,0.173274388,Colorectal Male,0.352487654,0.28925339,-0.054992858,0.817521601,-0.000766699,-0.146909122,0.163701799,0.04805,0.7065125,-2.013158397,-1.341685825,0.863210995
161l,Breast Cancer,0.181326379,-0.126051831,-1.264987588,-0.096422012,-0.073864325,0.085721694,0.172359265,Colorectal Male,0.335979428,-0.216104076,-0.000380026,0.809404869,0.000338861,-0.151913502,0.153794548,0.1583204,0.369325347,-0.16175635,0.017062879,1.148999171
161m,Breast Cancer,0.17251968,0.093166521,-1.165473236,-0.041979438,-0.076419985,0.09988709,0.164017947,Colorectal Male,0.299469448,0.312961106,0.250322884,0.79432106,0.004740424,-0.160627859,0.127453122,0.023081052,0.156514738,0.848884596,0.889169662,-0.238788704
161n,Breast Cancer,0.172398384,0.342620756,-1.234569357,-0.20704562,-0.071765378,0.053171064,0.158531773,Colorectal Male,0.361670993,0.10730151,0.128814365,0.837390258,-0.002280326,-0.133874268,0.158947122,0.031289931,0.159580245,0.953682718,-0.27089666,0.350597928
161o,Breast Cancer,0.165360769,0.340430931,-1.143890197,-0.110228941,-0.074203403,0.079454067,0.157356039,Colorectal Male,0.315824711,0.223270053,0.321045786,0.822176444,0.002982233,-0.146391271,0.133230159,0.053381324,0.156275928,1.409161863,0.362366436,-0.468628288
161p,Breast Cancer,0.145423458,-0.159562843,-0.972974331,-0.149974199,-0.073151909,0.062130298,0.134131333,Colorectal Male,0.296311996,-0.109136487,0.848877759,0.886489864,0.008248031,-0.124906343,0.110527584,0.019191132,0.094548529,4.047468105,1.42066237,-0.245773904
161q,Breast Cancer,0.155938816,-0.320886532,-1.018695225,-0.037498723,-0.076405134,0.094667582,0.146009943,Colorectal Male,0.277999052,0.153333345,0.631868576,0.821433497,0.009082098,-0.153391108,0.104158264,0.02187985,0.14354393,1.689394566,1.135981415,-0.318116825
161r,Breast Cancer,0.161688159,0.102084636,-1.145859748,-0.230379692,-0.071598826,0.044708224,0.146131721,Colorectal Male,0.348762498,0.119673007,0.391864013,0.857180445,-0.000647184,-0.125397075,0.144723677,0.00846628,0.087678916,2.089511068,0.958855776,0.147507694
161s,Breast Cancer,0.186049108,-0.0169908,-1.289793665,-0.057037298,-0.073061573,0.091689829,0.175024856,Colorectal Male,0.340668185,-0.25289869,-0.116514331,0.816976279,-0.000629643,-0.154880815,0.156462011,0.05127957,0.559368888,0.961554591,-0.202159652,0.090803966
161t,Breast Cancer,0.1834529,-0.262603398,-1.271577415,-0.071264929,-0.073712853,0.090415398,0.173552408,Colorectal Male,0.335181197,0.005502492,-0.049130673,0.810119421,-4.48E-05,-0.154398429,0.153359443,0.05223164,0.49685619,1.073853629,0.356912457,-0.012353808
161u,Breast Cancer,0.181241724,0.201003555,-1.217296828,-0.000704781,-0.076625424,0.109838281,0.170566821,Colorectal Male,0.302969017,0.139696924,0.099930343,0.790885936,0.004437882,-0.16734737,0.132029249,0.023413255,0.208718262,0.083753329,0.510343457,-0.000128602
161v,Breast Cancer,0.156433331,-0.29794615,-1.081703949,-0.14531056,-0.073296535,0.067198209,0.147107561,Colorectal Male,0.314771371,-0.201002297,0.518012049,0.849951888,0.004244573,-0.135958488,0.12680129,0.031815645,0.118101516,2.483676037,1.033258714,0.135224675
237,Breast Cancer,0.278104826,0.000823289,3.520591106,0.429096897,0.057156011,0.151906227,0.019316008,Colorectal Male,0.172789573,0.161116671,-0.602338868,0.08662835,-0.137891451,0.26914634,0.15290684,0.003138168,0.677549577,-0.357231544,0.011574933,-0.682882863
238,Breast Cancer,0.28622894,-0.126311011,2.735632457,0.602342141,0.079421858,0.092611961,-0.036113014,Colorectal Male,0.209548071,-0.019322372,1.344393076,-0.247360293,-0.095027002,-0.066148398,-0.04358764,0.004154079,0.227970796,0.289984721,0.251237296,-0.661396628
239,Breast Cancer,0.217542032,0.282296406,1.594790318,0.160350458,0.044672921,-0.018624523,-0.088292935,Colorectal Male,0.255304958,-0.043668746,1.618090271,-0.505595318,-0.094519989,-0.131228678,-0.057970952,0.014448576,0.269068157,1.787117521,0.812044047,-0.547749564
240a,Breast Cancer,0.386488315,-0.027720268,1.085460476,-0.82432829,-0.050121881,-0.143919283,-0.151355713,Colorectal Male,0.324002167,-0.406295653,1.882301923,-0.708811057,-0.008709107,-0.276535222,-0.048553385,0.009680103,0.194163849,1.569861059,1.056215261,-0.479324048
240b,Breast Cancer,0.266196966,-0.055101792,1.430373146,0.169534417,0.02278097,-0.011733356,-0.115445816,Colorectal Male,0.307124637,-0.00498911,1.638783684,-0.534586803,-0.105139686,-0.114407126,-0.048345244,0.012729098,0.204669355,2.242792455,0.833240219,-0.523940219
240c,Breast Cancer,0.358496262,-0.091471447,1.20613587,-0.55545323,-0.033319318,-0.122097393,-0.159806484,Colorectal Male,0.300826271,0.197591158,1.785633392,-0.545749219,-0.028280481,-0.213151005,-0.034212947,0.014069428,0.212880101,1.434468671,1.007767755,-0.275090738
241b,Breast Cancer,0.218671826,0.036524212,1.655178629,0.458523495,0.063697086,0.037259855,-0.070871601,Colorectal Male,0.281247237,-0.07285602,1.593836194,-0.461515555,-0.145377056,-0.036078365,-0.044926587,0.021997581,0.804767664,-1.199110386,-0.907806051,0.576320556
241c,Breast Cancer,0.236100728,0.203403394,1.816870223,0.530364786,0.081189682,0.042950711,-0.055930426,Colorectal Male,0.255479167,0.420734552,1.628367104,-0.362220848,-0.123953759,-0.049878864,-0.048222405,0.016330409,0.325244509,0.541756536,0.3765948,-0.143879738
48,Breast Cancer,0.174098163,-0.323271446,-6.533337074,0.025450688,0.047043925,-0.107184843,0.334971025,Colorectal Male,0.07938843,-0.33450117,3.522954252,0.747289844,0.096016131,0.051127007,0.15120442,0.018910062,0.791698022,-0.989125145,-0.229752885,-0.645049524
49,Breast Cancer,0.141571598,0.171171644,0.984196547,0.174767984,-0.058945929,0.096982369,0.084215238,Colorectal Male,0.088415762,0.557504451,-5.406830377,0.548179427,0.132002859,-0.185448323,0.423626936,0.031775534,0.911928701,-0.859326704,-1.610123284,-0.686017648
50,Breast Cancer,0.191528989,0.016822113,-5.32994197,-0.053112012,-0.006359758,-0.062379432,0.259462457,Colorectal Male,0.06193264,0.31984221,4.089304598,0.530000855,0.101643653,0.047514729,0.049984985,0.017893988,0.804944859,-0.654070176,0.434300115,-0.674471214
57.2,Breast Cancer,0.198840848,0.454104911,0.673721709,-0.907655152,-0.011847593,-0.220990163,-0.064287369,Colorectal Male,0.45811405,-0.43103371,-1.617769279,-1.36853802,-0.232895067,0.052643987,0.476334277,0.014780812,0.335827404,-0.483121794,-0.976047311,-0.688854748
58.1,Breast Cancer,0.227402868,0.431901078,0.087292678,-1.037036868,-0.028789484,-0.229930044,-0.081672347,Colorectal Male,0.500204564,0.523104053,-1.116693071,-1.941643201,-0.243288586,-0.065344637,0.582952878,0.029101245,0.761053961,-0.387058138,-1.367594362,-0.667380193
60,Breast Cancer,0.241160603,0.002291914,-0.196289857,-1.072958938,-0.035979507,-0.229202659,-0.100197799,Colorectal Male,0.520561843,0.229944988,-0.900680427,-2.227127811,-0.246182305,-0.117525672,0.632405138,0.042240468,0.772955674,-1.245756583,-2.238052875,-0.633284049
62,Breast Cancer,0.212986947,-0.129174955,0.121063794,-0.780460833,-0.058229262,-0.017200285,0.000728459,Colorectal Male,0.482261694,-0.168472785,1.456702981,-2.252339188,-0.196557775,-0.190574806,0.289268149,0.027999344,0.256911058,-0.059472302,-0.396880431,-0.6893746
63,Breast Cancer,0.196145716,0.297045025,-0.48275777,-0.930661258,-0.054409002,-0.146203057,-0.123204253,Colorectal Male,0.557154486,0.532767452,1.225132831,-3.511037652,-0.227488581,-0.415161693,0.584877733,0.006424267,0.077621035,-0.300287917,0.131528582,-0.69312701
64,Breast Cancer,0.219742001,0.109151935,-0.825463557,-0.359642997,-0.099736063,0.141034152,-0.300123694,Colorectal Male,0.611119714,-0.190871215,0.459834828,-5.115065985,-0.240276194,-0.775464901,0.651836317,0.052516284,0.159681047,0.045837801,0.773603897,-0.677726685
65,Breast Cancer,0.151125948,-0.208254347,-0.232133666,-0.12851854,-0.051521306,0.195426094,-0.05478906,Colorectal Male,0.427951967,-0.206491867,-0.597103666,-3.178745714,-0.246834416,-0.230995924,0.305003524,0.099461507,0.312828002,-0.728180639,-0.143499644,-0.688675947
66a,Breast Cancer,0.223138676,0.09424367,0.082708428,-1.071609838,-0.036432949,-0.220387194,-0.094363129,Colorectal Male,0.512167463,-0.672667108,0.020144758,-2.238222146,-0.235088034,-0.134555846,0.552609728,0.029115543,0.411862239,-2.139636096,0.113611933,-0.56864986
66b,Breast Cancer,0.207316595,0.051355681,0.307324833,-1.031045809,-0.030551555,-0.21723856,-0.080172785,Colorectal Male,0.488954899,0.333717823,0.072982367,-2.029699197,-0.231987335,-0.094262165,0.488932468,0.087305983,0.731251509,-5.263458384,-0.93518816,0.044294102
66c,Breast Cancer,0.190498987,-0.199444837,0.640004508,-0.959633553,-0.019755033,-0.21531766,-0.068996544,Colorectal Male,0.457781866,-0.432069449,-0.238211894,-1.673690375,-0.22809395,-0.017364613,0.438413394,0.082870127,0.472229793,-0.974454419,-0.005281947,-0.532048339
66d,Breast Cancer,0.217497851,-0.109034629,0.273539604,-1.030134782,-0.027713965,-0.226880936,-0.079730523,Colorectal Male,0.492769251,-0.15779954,-0.746432017,-1.929890461,-0.237584732,-0.069381286,0.564024087,0.02835753,0.242288177,1.411904772,1.115171569,-0.382095241
76.1a,Breast Cancer,0.283339799,0.088696708,1.945443675,-0.50316912,-0.00237024,-0.077059874,-0.071356657,Colorectal Male,0.231503945,-0.10337502,1.814424819,-0.809022838,-0.00765365,-0.289688998,-0.056174567,0.033392535,0.22269345,2.381444704,0.670014943,-0.420361982
76.1b,Breast Cancer,0.270390254,0.031395988,2.33669565,-0.090897608,0.040659323,0.028239639,0.023064542,Colorectal Male,0.186742417,0.358536945,1.604492452,-0.771977776,0.015788681,-0.270092662,-0.037357626,0.03427485,0.38342954,0.847643469,0.311557362,-0.331877993
77.1a,Breast Cancer,0.259040395,0.010307134,2.478787188,0.555755103,0.134970554,-0.026375591,-0.003982922,Colorectal Male,0.283703417,-0.240335702,2.364000963,-0.404915744,-0.009604421,0.201115481,0.257908967,0.142153264,0.602741103,-1.544996904,-0.132754721,-0.346265951
77.1b,Breast Cancer,0.218715653,-0.131179235,2.23574889,0.719771582,0.103433083,0.192750522,0.068360608,Colorectal Male,0.293885188,0.208206604,2.742333561,-0.656786389,0.01409548,0.048991232,0.181527821,0.130912643,0.316380913,0.128481701,0.067703567,-0.203689841
77.1c,Breast Cancer,0.211115812,-0.027972164,2.224658467,0.853626471,0.123267352,0.133457357,0.018268893,Colorectal Male,0.311531277,0.062753885,2.733022234,-0.514538395,0.00052886,0.189318833,0.262309483,0.201943604,0.480675342,-2.614716193,0.008775259,-0.356678933
77.3,Breast Cancer,0.303477165,0.397078895,1.415877036,1.046522022,0.096550836,0.016785436,-0.034392212,Colorectal Male,0.346025755,-0.492257253,0.670672104,-0.250619194,-0.162973537,0.450788522,0.374907914,0.070293978,0.555535799,-0.129592574,-0.373557772,-0.678046877
77.5,Breast Cancer,0.317899909,0.263561201,1.758564338,0.263764851,0.048187375,0.215765783,0.089722012,Colorectal Male,0.265976869,0.016828474,2.598016043,-0.59841212,0.010080623,-0.063168462,0.087882054,0.071936163,0.228631546,0.220473426,1.150490827,-0.682635253
78.2a,Breast Cancer,0.513271566,0.268527534,1.409286729,-0.158802164,-0.00265887,-0.07713923,-0.090169571,Colorectal Male,0.444049234,-0.330069876,1.575473547,-0.946697781,-0.080156912,-0.16336868,-0.118765022,0.034361826,0.34304393,0.429679564,-0.694130955,2.127193737
78.2aa,Breast Cancer,0.483177896,-0.02479431,0.929150275,-0.852341044,-0.070910212,-0.113276544,-0.147375326,Colorectal Male,0.495964134,0.074393991,1.931664232,-0.700938314,-0.034654556,-0.227200478,-0.057471104,0.013606525,0.06627213,3.41379015,1.722166092,-0.540929648
78.2aaaa,Breast Cancer,0.280993638,0.141454264,0.7252915,-0.395100892,-0.056083587,0.022868806,-0.033286973,Colorectal Male,0.386855532,0.593907902,1.220846497,-0.289285131,-0.05758606,-0.187822577,-0.232331929,0.059772932,0.378990886,0.608697994,0.131918082,0.550096591
78.2b,Breast Cancer,0.549817656,-0.181067581,1.123835841,-0.213664464,-0.04472246,0.000279567,-0.078363595,Colorectal Male,0.471340187,-0.348788888,1.582362903,-0.627227986,-0.066609752,-0.123263152,-0.092220705,0.050639919,0.702408098,-5.703765141,-2.663104496,5.629946379
78.2bb,Breast Cancer,0.357532632,0.347029713,1.376648952,-0.46855898,-0.006728248,-0.134104207,-0.11155388,Colorectal Male,0.421980426,-0.316723458,1.483947281,-1.364074699,-0.093143033,-0.236799071,-0.127195883,0.043025717,0.608250353,-1.513533027,-1.543961707,1.992559388
78.2bbb,Breast Cancer,0.429355675,-0.259677205,0.690949689,-0.184154022,-0.097295874,0.158114392,-0.036769156,Colorectal Male,0.217996398,-0.414865124,1.458306003,0.225423782,-0.026161408,0.000323713,-0.089947274,0.223232668,0.7478999,-2.410436987,-1.17033679,1.660882019
78.2bbbb,Breast Cancer,0.427173737,-0.302974997,0.649960345,-0.344944367,-0.103040735,0.093351018,-0.072632062,Colorectal Male,0.448537853,-0.093139545,1.326190529,-0.361933442,-0.096897554,-0.059600695,-0.121890603,0.313739304,0.468412154,-0.845008367,-0.605060956,2.167110217
78.2c,Breast Cancer,0.577410261,-0.056018479,1.007902843,-0.161242536,-0.108201415,0.185157469,-0.039069701,Colorectal Male,0.184152386,-0.008808622,1.98336523,0.068948101,0.065041511,-0.010466365,0.071241214,0.008936907,0.940140546,-2.11848594,-1.500790364,0.842637723
78.2cc,Breast Cancer,0.367984703,0.039721348,1.190460669,-0.61438156,-0.038915724,-0.106958536,-0.123337722,Colorectal Male,0.402345528,0.20771012,1.64429421,-1.215169878,-0.063704256,-0.27406881,-0.114323828,0.044720144,0.573122455,-1.622680761,-1.456513541,2.267539616
78.2ccc,Breast Cancer,0.580957904,-0.017575689,0.693633851,-0.243615219,-0.123227871,0.161443563,-0.063772814,Colorectal Male,0.301931985,0.524096072,1.571364707,0.045831257,-0.00155121,0.030464367,0.040162046,0.003058778,0.977859814,-2.691426612,-1.650867726,3.322809336
78.2cccc,Breast Cancer,0.40872197,-0.073177554,1.086979681,-0.852683035,-0.065707374,-0.114825405,-0.13784523,Colorectal Male,0.345972928,0.052627035,1.880008042,-0.854085602,-0.005386679,-0.313968097,-0.067999501,0.045574576,0.280353812,1.321283659,0.424514622,0.118987203
78.2d,Breast Cancer,0.529657265,-0.091646814,1.255542686,-0.173046618,-0.067231175,0.092701886,-0.053086811,Colorectal Male,0.247016282,-0.293001513,1.919438859,-0.090474707,0.017969821,-0.013325015,0.021541303,0.002784939,0.970400969,-2.059229642,-1.898554572,2.647728376
78.2dd,Breast Cancer,0.457557712,0.149605472,1.788968313,-0.204084352,0.024592764,-0.121048957,-0.088290773,Colorectal Male,0.300055135,-0.017684015,1.115424633,-1.113252769,-0.102153992,-0.128294136,-0.091259569,0.011620749,0.299695985,1.223180466,0.374339369,0.1254101
78.2ddd,Breast Cancer,0.582330417,-0.111664039,0.860231096,-0.217918815,-0.106263557,0.138793986,-0.05971635,Colorectal Male,0.308561063,0.063552841,1.628248958,-0.059062055,0.01342069,0.033446451,0.044599624,0.002443264,0.95808769,-2.166974197,-1.980295812,1.131500354
78.2dddd,Breast Cancer,0.504788439,0.125126704,2.512769877,-0.112357295,-0.065652415,0.149432103,-0.050448511,Colorectal Male,0.031154825,-0.245643183,0.449957803,-0.200540235,-0.070448214,-0.017174274,-0.082256991,0.010227534,0.235214127,1.293685166,0.341299352,0.80484427
78.2e,Breast Cancer,0.541520449,-0.087695615,1.198804275,-0.175353348,-0.026269183,-0.034770696,-0.085981284,Colorectal Male,0.509082171,0.253300597,1.594582528,-0.850411924,-0.080360389,-0.159015417,-0.119742347,0.068661375,0.423811355,-1.55434985,-2.255069158,4.631178934
78.2ee,Breast Cancer,0.476063589,-0.127993063,1.612206826,-0.164363814,0.024019581,-0.133200196,-0.097543526,Colorectal Male,0.391320655,0.433830307,1.408701154,-1.173394768,-0.09858799,-0.164993585,-0.118098428,0.01615002,0.192918757,0.359109972,-0.203460111,0.539137121
78.2eee,Breast Cancer,0.599284327,0.091525562,0.74947201,-0.129642205,-0.127678637,0.252620325,-0.01023412,Colorectal Male,0.092506928,0.709726812,1.680203369,0.231242236,0.068216631,-0.023083852,0.054849257,0.033926592,0.716112999,0.039004955,-0.431357727,1.025840669
78.2eeee,Breast Cancer,0.498092302,-0.302571229,1.95222755,-0.13511045,-0.025902658,0.044911786,-0.058321893,Colorectal Male,0.11781093,0.826910443,1.527809532,-0.240245026,-0.026758086,-0.034006725,-0.024611355,0.013417393,0.359562504,0.479286024,-0.255135751,1.426010509
78.2f,Breast Cancer,0.495309709,-0.001635554,1.274651542,-0.12076692,0.002806684,-0.095053735,-0.103307881,Colorectal Male,0.54477287,-0.013686172,1.618789864,-1.349333028,-0.108781262,-0.215740409,-0.15162382,0.039589145,0.123726766,1.751418759,0.119476395,1.372372809
78.2ff,Breast Cancer,0.503549071,-0.049038769,1.506469,-0.176889893,-0.007249382,-0.059059042,-0.084404802,Colorectal Male,0.356686694,-0.231160918,1.540186637,-0.768033901,-0.066978532,-0.124819423,-0.088754753,0.019067262,0.408041502,-1.033139188,-0.671543047,1.228537497
78.2fff,Breast Cancer,0.555366121,0.183284327,0.672889288,-0.283383347,-0.117426355,0.134672075,-0.072205322,Colorectal Male,0.367443081,-0.108340586,1.711102514,0.084680929,-0.019919492,-0.009133562,0.012729611,0.168529736,0.81619813,-5.1017406,-1.520556184,3.124108353
78.2ffff,Breast Cancer,0.54831849,0.115425011,1.228121746,-0.210472276,-0.042823878,0.004856415,-0.073842469,Colorectal Male,0.407666317,0.063736803,1.655603236,-0.507865505,-0.044555351,-0.095157129,-0.065299562,0.069743247,0.592201966,-3.494397168,-2.716083255,2.565105516
78.2g,Breast Cancer,0.520136472,-0.019211253,1.323813447,-0.15009238,-0.007192558,-0.069881316,-0.090425107,Colorectal Male,0.483079849,0.180661389,1.573513839,-0.981806555,-0.086726693,-0.169445685,-0.127697937,0.035427779,0.566514895,-2.186890678,-2.178858525,3.818187846
78.2gg,Breast Cancer,0.334334778,-0.160331953,2.429554429,-0.198495577,0.086896493,-0.167409328,-0.032416972,Colorectal Male,0.202767368,-0.06338939,0.553728894,-0.85613732,0.021840111,-0.267318227,-0.03429162,0.031944917,0.745291327,-0.299507615,-0.548820697,-0.551624009
78.2ggg,Breast Cancer,0.556070322,0.393756739,0.867585989,-0.263779072,-0.083899267,0.062820962,-0.078626088,Colorectal Male,0.476110675,0.247815132,1.780194986,-0.174003627,-0.037912241,-0.082606692,-0.031106926,0.260917856,0.713366757,-4.450842274,-1.909850274,2.908901345
78.2gggg,Breast Cancer,0.311977189,-0.160403573,2.902573084,0.457550659,0.059071689,0.038164742,-0.016672087,Colorectal Male,0.086127092,0.130850406,-0.850766377,0.107675539,-0.108350543,0.249239763,0.141513344,0.067941244,0.251245807,1.476617489,0.888835985,-0.657553898
78.2h,Breast Cancer,0.540554212,0.152798845,1.198650896,-0.195912114,-0.061410022,0.058513934,-0.062758478,Colorectal Male,0.319490008,-0.256704222,1.775494788,-0.218006173,-0.006967335,-0.023462675,-0.00414869,0.004136549,0.96240858,-2.860869411,-1.833454149,2.671896625
78.2hh,Breast Cancer,0.340869262,0.164307299,1.363015896,-0.707458638,-0.038144907,-0.107398986,-0.108297653,Colorectal Male,0.288994549,0.0063741,1.650226633,-0.948611998,-0.009512251,-0.320447245,-0.077188938,0.050987317,0.2500779,1.35931863,0.58336599,0.035755067
78.2hhh,Breast Cancer,0.486518511,0.022853815,2.179431638,-0.158245834,0.017265499,-0.052060384,-0.070052443,Colorectal Male,0.133094332,-0.134329182,0.427420012,-0.787858115,-0.0891094,-0.099974549,-0.083153246,0.18294172,0.446651731,0.016857831,-0.498485059,0.823401222
78.2hhhh,Breast Cancer,0.416833645,-0.122078771,1.063368883,-0.812891168,-0.066327326,-0.106618921,-0.137038454,Colorectal Male,0.376194352,0.255918862,1.901478284,-0.893868473,-0.008993783,-0.315385387,-0.074707582,0.027091675,0.62747647,-0.830523748,-1.139332677,1.946192732
78.2i,Breast Cancer,0.500289112,-0.205280459,1.624676881,-0.17415387,-0.019150721,-0.010932246,-0.072863317,Colorectal Male,0.256095585,0.048018965,1.594654858,-0.50235709,-0.041266184,-0.077825896,-0.046899816,0.015547396,0.747389644,-2.220444272,-0.93607456,1.745152597
78.2ii,Breast Cancer,0.415485928,-0.236127392,1.057924628,-0.742431677,-0.060843623,-0.101031073,-0.13603652,Colorectal Male,0.409844806,-0.275177173,1.896206746,-0.974893173,-0.020675784,-0.312403081,-0.086836998,0.054532268,0.306193407,0.826884099,-0.016256052,0.759145769
78.2iii,Breast Cancer,0.376386633,0.062736216,0.96101824,0.027953474,-0.057835595,0.18097709,0.001784984,Colorectal Male,0.184227686,-0.380635561,1.444892269,0.466225945,-0.012581711,0.009067275,-0.151493419,0.217488985,0.543482528,-2.189708144,-0.480318982,1.800859011
78.2iiii,Breast Cancer,0.364306365,-0.021069477,0.696488366,-0.330362547,-0.086978347,0.082221587,-0.052876918,Colorectal Male,0.400121113,-0.486018224,1.27299955,-0.321428579,-0.080987736,-0.105468498,-0.164289311,0.087488559,0.329443966,0.481778773,0.079217847,1.152644836
78.2j,Breast Cancer,0.518767725,0.127911468,0.842718542,-0.26219646,-0.0685277,0.017448701,-0.099945362,Colorectal Male,0.583826357,0.139596101,1.460898349,-0.905682582,-0.120086613,-0.124335132,-0.129954277,0.261347551,0.144765814,2.724306547,0.957726708,0.691938457
78.2jj,Breast Cancer,0.408631216,0.069697043,1.255491987,-0.396979558,-0.012178299,-0.11907864,-0.120176732,Colorectal Male,0.491600049,0.109256175,1.669071193,-1.382419092,-0.091548942,-0.257085291,-0.142780212,0.046600834,0.138763457,2.680923581,0.507410025,0.668668294
78.2jjj,Breast Cancer,0.274875309,-0.156240473,1.228057852,0.171601459,0.005469926,0.124849119,0.025595694,Colorectal Male,0.326024166,-0.186150487,1.156609811,0.092608525,0.029515171,-0.320834226,-0.281548471,0.124088043,0.589984171,-3.810937913,-1.082873026,3.713270399
78.2jjjj,Breast Cancer,0.493796118,-0.071475645,1.263185054,0.040898079,-0.040575196,0.188403479,0.039167345,Colorectal Male,0.055801838,-0.681647082,1.677755559,0.426978048,0.062017224,-0.032681691,-0.033933747,0.037794416,0.711528332,-0.479626837,-0.605977826,1.491804313
78.2k,Breast Cancer,0.525787889,-0.166410265,0.82010026,-0.285742375,-0.082894235,0.054190201,-0.085575988,Colorectal Male,0.513669181,0.220344506,1.58907451,-0.438111105,-0.074223438,-0.096415853,-0.079011936,0.568684792,0.370605438,-2.116899605,-0.503074616,1.778708135
78.2kk,Breast Cancer,0.378976572,0.201289532,1.167997048,-0.757375868,-0.058107863,-0.097298284,-0.122919132,Colorectal Male,0.339094633,0.188224085,1.708706376,-1.039310095,-0.027328167,-0.310887185,-0.089967002,0.044904142,0.515169128,-0.444763195,-0.402422536,1.037609929
78.2kkk,Breast Cancer,0.359345341,0.116420726,1.46317595,0.255392014,0.039998166,0.109912404,0.043471876,Colorectal Male,0.293332977,-0.167441728,1.330646997,0.041699025,0.028180154,-0.337316945,-0.30322779,0.06290251,0.21735938,2.076626431,0.865937352,0.699275213
78.2kkkk,Breast Cancer,0.519703464,-0.024933118,0.91804035,-0.232759604,-0.043839569,-0.044532502,-0.12472986,Colorectal Male,0.630166011,0.262632371,1.645324179,-1.653994862,-0.138986169,-0.229274643,-0.153640127,0.031833009,0.186457184,1.967446138,0.543724681,1.984913199
78.2l,Breast Cancer,0.562427641,-0.221384931,0.992635364,-0.235637133,-0.063495985,0.0277791,-0.079453943,Colorectal Male,0.50282647,0.337302035,1.692730509,-0.440466082,-0.055589192,-0.114073006,-0.066270344,0.257478487,0.632280163,-3.707298067,-1.47668133,2.67046748
78.2ll,Breast Cancer,0.33466572,-0.05485051,1.370925589,-0.65314529,-0.035152298,-0.104021857,-0.106947505,Colorectal Male,0.308330393,-0.039818657,1.444237469,-1.122879628,-0.046949205,-0.279795097,-0.093262174,0.014805428,0.840669212,-1.803446818,-1.280059668,2.056607416
78.2lll,Breast Cancer,0.307875873,-0.118954674,1.265315898,0.21212247,-0.002000937,0.158952317,0.030046024,Colorectal Male,0.268105349,0.354395194,1.199899205,0.236990586,0.016351837,-0.210086458,-0.251731519,0.143844312,0.331344312,0.185475003,0.214391471,0.824849687
78.2m,Breast Cancer,0.464655477,0.323239319,1.03844544,0.052635574,-0.063519557,0.210341858,0.011587261,Colorectal Male,0.107999756,0.310525435,1.551226557,0.497740228,0.025323257,0.001590243,-0.091613668,0.133639312,0.582389623,-1.155010993,-0.490601364,1.746198385
78.2mm,Breast Cancer,0.50195821,-0.029206126,2.030451032,-0.137671227,-0.007430432,-0.000383128,-0.070072871,Colorectal Male,0.122452359,-0.386273442,1.063179249,-0.470982853,-0.061824074,-0.063394822,-0.062835868,0.036899728,0.202089247,2.738690298,0.94844406,0.363979549
78.2mmm,Breast Cancer,0.566205803,-0.031179647,1.030287661,-0.229575631,-0.071249291,0.056177278,-0.068939641,Colorectal Male,0.401596123,-0.368989616,1.663697658,-0.260563876,-0.027073155,-0.041770436,-0.021271231,0.098036225,0.783994874,-3.810817187,-1.977258085,1.680480662
78.2n,Breast Cancer,0.385947391,-0.018904129,1.484828988,0.196309919,0.021367139,0.129594206,0.048299868,Colorectal Male,0.15246828,0.041954681,1.386496162,0.28433818,0.029412285,-0.15368422,-0.194907051,0.061783515,0.349658283,0.765522722,0.49515811,0.93993597
78.2nn,Breast Cancer,0.500877428,0.124832359,1.700727756,-0.128201319,-0.05468801,0.107902501,-0.043273698,Colorectal Male,0.119697366,-0.01092185,1.956584242,-0.014480074,0.020724152,-0.023974322,0.017710308,0.005616465,0.379154226,0.541635859,0.228391502,0.692191813
78.2nnn,Breast Cancer,0.548727585,0.146464919,1.049910326,-0.204691225,-0.045401109,-0.008477974,-0.086382028,Colorectal Male,0.539426923,-0.065364099,1.568446905,-0.765088034,-0.085997795,-0.144283439,-0.110792416,0.356332651,0.546832761,-3.323135342,-1.424160397,2.629514134
78.2o,Breast Cancer,0.249293198,-0.150178433,0.679752295,-0.5855167,-0.041679874,-0.057668851,-0.037378114,Colorectal Male,0.434795348,-0.21127214,1.140467624,-0.476608613,-0.047527491,-0.294671209,-0.280919304,0.029999091,0.159513207,2.877015663,1.253722763,0.065434193
78.2oo,Breast Cancer,0.520314721,-0.078212825,2.601183179,-0.143793447,-0.11695271,0.232370314,-0.048673461,Colorectal Male,0.024409366,-0.211231241,0.610731963,-0.049427777,-0.06525314,0.004274245,-0.080622239,0.003900924,0.717571077,-1.622690412,-1.304272482,1.756669144
78.2ooo,Breast Cancer,0.525772814,0.023470655,0.559556625,-0.210282464,-0.134096743,0.202129692,-0.055081467,Colorectal Male,0.21644584,0.081290241,1.56122662,0.273927645,-0.00569498,0.033886142,-0.002619893,0.204255319,0.752340426,-3.464120457,-1.319856525,1.820310915
78.2pp,Breast Cancer,0.417660453,-0.14850095,1.88698049,-0.168323415,-0.14452059,0.271562447,0.002765424,Colorectal Male,0.059508589,-0.031423392,1.750632237,-0.112918952,-0.131122773,0.02409032,-0.132394619,0.007235217,0.388067219,1.32553611,0.074758753,-0.033006195
78.2ppp,Breast Cancer,0.325628373,-0.044192221,1.488588306,-0.552753358,-0.012556168,-0.123047842,-0.099866798,Colorectal Male,0.332800182,0.062789195,1.273313015,-1.238198828,-0.078594701,-0.231159416,-0.100908617,0.044937117,0.781896212,-1.439793847,-1.023188368,0.717136736
78.2q,Breast Cancer,0.464091613,-0.151638358,0.719392447,-0.356047351,-0.092243171,0.058688543,-0.087931715,Colorectal Male,0.529960803,0.357911137,1.317575097,-0.686671155,-0.120692858,-0.088034994,-0.136326405,0.174736759,0.445798557,-0.066489749,-0.189538685,0.344130535
78.2qq,Breast Cancer,0.504796258,0.194635533,2.433559694,-0.137235647,-0.184536986,0.339235146,0.013373828,Colorectal Male,0.226767534,0.101659758,-0.60921406,-0.474144005,-0.274215297,0.053898499,-0.276086731,0.025471196,0.568809627,-0.120958642,0.115217096,0.681508163
78.2qqq,Breast Cancer,0.507447669,-2.65E-05,2.325230841,-0.101701247,-0.05335179,0.128056849,-0.044549058,Colorectal Male,0.040912633,-0.10231887,1.308122551,-0.066810747,-0.025582055,-0.010355221,-0.025608435,0.002025629,0.382601612,-0.712789143,-1.113986226,1.389119483
78.2r,Breast Cancer,0.487045939,0.287098596,0.66627667,-0.341139904,-0.103707294,0.08416524,-0.087849478,Colorectal Male,0.496294155,-0.521796797,1.494294285,-0.35172553,-0.087687033,-0.056398353,-0.083812146,0.337503772,0.599260638,-1.361168946,-1.045810422,1.840791933
78.2rr,Breast Cancer,0.377893154,-0.020603597,1.987809366,-0.295803914,0.050166668,-0.175029054,-0.075026773,Colorectal Male,0.306451369,-0.177360393,0.716959394,-1.322137769,-0.098293041,-0.174915693,-0.087610855,0.012131456,0.18198065,1.726070736,0.529751075,-0.104532645
78.2rrr,Breast Cancer,0.392458028,0.063793313,1.701142136,0.148282493,0.036508924,0.107949393,0.07613352,Colorectal Male,0.040947215,-0.127494791,1.427674455,0.180269659,0.02377137,-0.086646864,-0.09345126,0.039971084,0.288154217,1.377195183,0.485355287,0.462136378
78.2s,Breast Cancer,0.510944711,-0.099564172,0.633521823,-0.325492627,-0.11368491,0.112738173,-0.081736208,Colorectal Male,0.436926062,0.124907755,1.65442412,-0.0607147,-0.0522814,-0.033701332,-0.033764348,0.372192985,0.598492606,-3.845228963,-1.298690007,2.768464433
78.2ss,Breast Cancer,0.542377918,-0.002439266,3.153046491,0.125097045,-0.123450623,0.332376244,0.164900279,Colorectal Male,0.315490014,-0.090771143,-1.663380585,-0.186804571,-0.259349193,0.086853508,-0.255212661,0.064735477,0.758263647,-1.534094475,-1.075365691,0.991210493
78.2sss,Breast Cancer,0.580475112,0.093659478,0.583203744,-0.191967608,-0.139454298,0.230049661,-0.045531291,Colorectal Male,0.166249527,-0.250348203,1.576750336,0.20919756,0.032363801,0.013374393,0.038335092,0.031499129,0.856255764,-1.131955956,-0.737646276,1.452256335
78.2t,Breast Cancer,0.393467861,-0.235708389,0.727090115,-0.366316638,-0.087264358,0.063919129,-0.06691536,Colorectal Male,0.47650833,-0.124098529,1.231556715,-0.586608369,-0.107658821,-0.118472799,-0.174166258,0.02801593,0.199624177,2.512546196,0.974427483,1.434081819
78.2tt,Breast Cancer,0.472266665,0.080953655,3.478287481,0.32338541,-0.084965919,0.326602728,0.188068995,Colorectal Male,0.246395799,0.205086761,-1.129991966,-0.00044618,-0.19462691,0.062911593,-0.208055571,0.05220744,0.304465723,1.443585041,0.875546816,-0.170606013
78.2ttt,Breast Cancer,0.39379293,-0.127169333,1.614884879,-0.28908412,0.031750822,-0.173768935,-0.103477254,Colorectal Male,0.41971463,0.290869043,1.320515494,-1.466846799,-0.114411637,-0.202612479,-0.13200268,0.027842646,0.246814513,1.631288579,0.366528816,0.538172484
78.2u,Breast Cancer,0.315643763,0.419646667,0.726931784,-0.417874004,-0.072588139,0.03924506,-0.049009052,Colorectal Male,0.443122878,0.192798174,1.172520458,-0.53401484,-0.088090079,-0.180108506,-0.225936003,0.02364209,0.138800207,2.146317865,0.956634648,1.233025446
78.2uu,Breast Cancer,0.442863945,-0.077086467,1.433514398,-0.055663624,-0.082224377,0.227072229,0.035161418,Colorectal Male,0.030779539,-0.524065476,1.136938963,0.080492343,-0.045960718,0.022506103,-0.039815015,0.010090574,0.639792908,0.395337695,0.509400061,0.192620054
78.2uuu,Breast Cancer,0.416528496,0.100677602,0.628167508,-0.287120006,-0.106281937,0.12672495,-0.055875442,Colorectal Male,0.325874749,-0.089250612,1.380727578,-0.069928917,-0.059499193,-0.037419721,-0.095314164,0.398691328,0.511480734,-1.974077949,-0.64307099,0.807600732
78.2v,Breast Cancer,0.298883028,-0.094042353,0.812193496,-0.210344813,-0.051319819,0.076856165,-0.01696175,Colorectal Male,0.298857902,0.012003993,1.348116456,0.098231027,-0.034363865,-0.103162876,-0.199270604,0.185038604,0.41071081,-0.07872802,0.207600786,0.266360965
78.2vv,Breast Cancer,0.525634805,0.033362665,1.356846341,-0.012326699,-0.059451597,0.217250975,0.052240904,Colorectal Male,0.026167394,0.791929798,1.367410492,0.298089971,0.034353293,0.009480082,0.013286429,0.013812768,0.739232698,-0.370647225,-0.208593184,0.658775153
78.2vvv,Breast Cancer,0.520794219,-0.074074934,2.093105953,-0.233967674,-0.193219014,0.326046885,0.048011555,Colorectal Male,0.328848589,-0.013597178,-1.270839198,-0.766598288,-0.365903949,0.084644559,-0.309303921,0.045202864,0.240690352,2.169824257,0.719238844,-0.137769711
78.2w,Breast Cancer,0.512786822,-0.009477145,1.021812574,-0.187508093,-0.029983845,-0.055323953,-0.115115632,Colorectal Male,0.595892992,0.206845823,1.616868991,-1.418305288,-0.122088698,-0.217283226,-0.151313299,0.027257989,0.075758724,2.751382853,1.278656172,1.476359056
78.2ww,Breast Cancer,0.569916115,0.015104521,1.287680742,-0.101728616,-0.106338664,0.227056522,-0.010321179,Colorectal Male,0.060908562,-0.027941402,1.880919275,0.181990536,0.06859339,-0.030784116,0.062994624,0.006694329,0.88275022,-0.545349525,-0.471432716,0.968632586
78.2www,Breast Cancer,0.515766241,-0.052526668,2.484878019,-0.264503008,-0.211196298,0.343587111,-0.023136968,Colorectal Male,0.148680756,-0.1334725,0.778982944,-0.395380473,-0.249676241,0.074580146,-0.23382782,0.041243464,0.614489709,0.218062859,-0.085427467,0.754405109
78.2x,Breast Cancer,0.540619922,-0.074214435,1.14477284,-0.099951588,-0.017365757,-0.051085813,-0.096743076,Colorectal Male,0.568068405,-0.076370172,1.574787406,-1.127788556,-0.10574347,-0.185362861,-0.144548977,0.129486757,0.185154262,2.199531069,0.304808366,1.855448112
78.2xx,Breast Cancer,0.46280884,-0.025471692,0.979352645,-0.851995786,-0.066970833,-0.132347775,-0.161565148,Colorectal Male,0.428240937,-0.138233184,1.956924605,-0.594480115,-0.01305712,-0.234599979,-0.037690042,0.025628783,0.114792395,2.632272271,1.232829295,-0.452931141
78.2xxx,Breast Cancer,0.456251464,0.146720452,2.408339454,-0.05873435,-0.06518393,0.167761433,-0.028651798,Colorectal Male,0.051670059,0.066651517,-0.071229674,-0.278322462,-0.100218461,-0.028862095,-0.126396016,0.030476455,0.274743554,1.692140931,0.505969717,0.056141258
78.2y,Breast Cancer,0.532701442,0.251796532,0.9352131,-0.168023023,-0.044488145,-0.021663089,-0.10812636,Colorectal Male,0.607651505,-0.479826226,1.531231722,-1.219951613,-0.127849423,-0.170582846,-0.144364386,0.063199053,0.228039306,1.964660258,0.461738717,1.679726895
78.2yy,Breast Cancer,0.435193252,0.20583935,1.027212468,-0.704158332,-0.058197335,-0.100409203,-0.138088816,Colorectal Male,0.461650257,-0.051976764,1.929355224,-0.984310782,-0.028111648,-0.304253746,-0.09060678,0.026431181,0.096248477,1.886843486,1.014208774,-0.003021276
78.2yyy,Breast Cancer,0.481905536,-0.026129229,2.152023557,-0.151061505,-0.140255673,0.270222307,-0.028882088,Colorectal Male,0.04036917,-0.031526716,1.010750125,-0.028856746,-0.091200313,0.027411688,-0.090336179,0.009155094,0.814911871,-0.329357259,-0.753801043,0.330012925
78.2z,Breast Cancer,0.515873349,-0.230178664,0.848821004,-0.247173356,-0.056390622,-0.019860906,-0.119971952,Colorectal Male,0.630097113,-0.319465302,1.544675698,-1.490983238,-0.148122943,-0.184053759,-0.15313039,0.05515357,0.309745484,1.142289355,-0.005621971,1.832855162
78.2zz,Breast Cancer,0.379130037,0.08376427,1.1411441,-0.705442914,-0.053297741,-0.098258776,-0.125324616,Colorectal Male,0.373931519,-0.106648371,1.732128596,-1.093528194,-0.038173892,-0.301002613,-0.09845826,0.036798944,0.561251707,-0.661983631,-0.920118929,1.156306747
78.2zzz,Breast Cancer,0.491640889,0.090760366,2.477323611,-0.146610046,-0.153004774,0.292172,-0.025137138,Colorectal Male,0.076320921,0.436714191,0.066883805,-0.203769543,-0.151672582,0.034291093,-0.164882745,0.020629791,0.722592322,-0.620089026,-0.57022034,0.339012015
126,Breast Cancer,0.308620112,0.014426947,-5.049292849,-0.30980932,-0.071521162,-0.012519685,-0.424387106,Colorectal Male,0.287335165,-0.29450589,12.79354729,0.265966487,-0.053418941,0.250931888,0.289110789,0.076216181,0.549450549,-0.449948573,0.030306504,-0.676363165
127,Breast Cancer,0.442633715,-0.025639218,-0.268842666,-0.307043198,-0.18409016,0.115366689,-0.518158127,Colorectal Male,0.185310429,0.434468367,10.43715438,0.025559559,-0.02334154,0.216158291,-0.538227411,0.210909464,0.520967907,-0.121874332,-7.0745758,-0.694419574
130,Breast Cancer,0.143108738,0.298253949,0.589657377,-0.177963006,-0.093337483,0.038490113,-0.07430929,Colorectal Male,0.110628397,0.346462857,0.221541771,-1.35084192,-0.028851303,-0.326393636,0.019523525,0.007630278,0.240440475,-0.120897131,-0.226290474,-0.692162188
142,Breast Cancer,0.049114727,-0.207010386,0.03538441,-0.173985765,-0.051535071,0.094215004,-0.221979259,Colorectal Male,0.511720596,0.738783267,-1.126606071,-5.145652756,-0.254195225,-0.648196747,0.342127477,0.043956044,0.109467456,-0.156792049,-0.333800057,-0.694580729
143,Breast Cancer,0.405273926,-0.450625529,3.476154288,-0.31590881,-0.179118559,0.204276187,-0.568799029,Colorectal Male,0.408832426,-0.668521374,17.48577312,-0.145919393,-0.036682631,0.379001916,-1.365821565,0.019527079,0.189016018,-0.416470866,-0.310879612,-0.694477047
144.1,Breast Cancer,0.53096597,-0.280378374,2.654820065,-0.399504435,-0.157766157,0.213843983,-0.321187136,Colorectal Male,0.245337169,-0.932941255,7.787820312,-0.740351479,-0.10104123,0.274800625,-0.957869155,0.072519451,0.255306887,-0.057750977,-4.191334001,-0.692682167
145.3,Breast Cancer,0.176896574,0.061507401,0.93699231,-0.359167786,-0.066719521,-0.031312175,0.058366242,Colorectal Male,0.229304895,1.581967804,-2.641638631,-1.144598684,-0.185135522,0.168045712,-0.054385427,0.012605042,0.233193277,-0.052687888,0.216239211,-0.684685101
147,Breast Cancer,0.30679356,-0.205450073,1.341309624,-0.133316094,-0.053479469,0.007595795,0.096001162,Colorectal Male,0.161890747,-0.360602059,-1.878945679,-0.738815691,-0.149814826,0.122130381,-0.100468032,0.011583903,0.194157283,-0.042950099,0.449201496,-0.668138615
148,Breast Cancer,0.460964736,-0.301197442,2.148076178,0.86061218,-0.061008422,0.286270274,0.079326099,Colorectal Male,0.158613643,-0.153922949,-1.664209392,0.136411965,-0.16179753,0.336959164,-0.002799054,0.005092107,0.179721432,-0.010169622,0.760600202,-0.687392048
150,Breast Cancer,0.445967161,0.618058419,5.747344794,-0.550232408,-0.073545116,0.243361359,-0.338530672,Colorectal Male,0.300813367,1.1946198,12.82018036,-2.666707698,0.061138355,0.372487201,-0.562059816,0.116019033,0.291276764,-0.088926386,-1.347446283,-0.694613154
152,Breast Cancer,0.338359458,-0.149007782,-0.644982351,0.849390879,-0.124809944,0.343002362,0.118349535,Colorectal Male,0.161071331,1.092051314,1.623705465,-0.282321785,0.080718082,-0.45898677,-0.011459708,0.008730557,0.176216759,-0.10588756,-0.15319024,-0.693809631
153.1,Breast Cancer,0.178362982,0.099595798,0.844452289,0.492453328,-0.073591665,0.134990087,-0.030278245,Colorectal Male,0.065000416,-0.367731659,0.425655876,0.564328375,0.012892249,-0.10177482,-0.106750225,0.011880377,0.299467431,-0.002718342,-0.361597566,-0.68189371
153.2,Breast Cancer,0.158405831,-0.041413197,0.230017969,0.493568849,-0.077889676,0.155653441,0.037285114,Colorectal Male,0.122277667,0.594866015,2.033846187,0.680730335,0.022001237,-0.148246739,-0.023821685,0.000233032,0.2309933,0.140561373,-0.036904182,-0.658504154
154,Breast Cancer,0.180626628,-0.747969242,-1.140895581,0.085857529,-0.080310536,0.131642141,0.163798271,Colorectal Male,0.269604964,-1.137415748,0.279485621,0.760907881,0.008786732,-0.183364433,0.106003474,0.010458568,0.131938858,-0.053371453,-0.189596721,-0.684525772
158.2,Breast Cancer,0.189581561,0.42752428,-1.059877682,0.237492592,-0.08589045,0.166737405,0.154618253,Colorectal Male,0.232132441,-0.794493328,0.51089254,0.696074838,0.015768283,-0.212498901,0.072227725,0.014769685,0.113726576,0.082927088,1.598063683,-0.63030786
159,Breast Cancer,0.211250811,-0.219146215,-1.162747512,0.21037143,-0.075280074,0.151736609,0.182768841,Colorectal Male,0.278505339,-0.55992211,-0.03044879,0.614479258,0.018179486,-0.229515038,0.134343147,0.021195172,0.286870768,-0.093387785,-0.846284625,-0.691908419
46,Breast Cancer,0.390229823,0.609197612,-9.24939483,-0.318622792,0.061148174,-0.151929168,0.259031579,Colorectal Male,0.255850067,-0.514287274,10.77975203,0.688671365,0.01658268,0.210712278,-0.058356805,0.001156515,0.358905166,-0.164500531,-1.460379866,-0.683320246
47,Breast Cancer,0.318279256,0.313812594,-7.14704492,-0.322795094,-0.018517218,-0.094231281,0.114623414,Colorectal Male,0.16456417,-1.103056261,9.377726132,0.47591088,0.051136337,0.176926145,-0.099892418,0.083381089,0.699083095,-0.529576759,-2.364625047,-0.69368608
57.1,Breast Cancer,0.12286754,-0.343885495,2.194736943,-0.668389955,0.013448247,-0.168954649,-0.052653553,Colorectal Male,0.377095636,-0.127258662,-0.046213167,-0.774435274,-0.190145847,0.161846627,0.3410734,0.003046845,0.103973594,-0.075785822,0.753936595,-0.691242068
58.2,Breast Cancer,0.23071485,-0.098911738,-0.103095029,-0.992929422,-0.02532774,-0.228638174,-0.075415296,Colorectal Male,0.49292443,-0.346140969,-1.823149443,-1.727677531,-0.24973769,-0.010607366,0.527639394,0.065325619,0.781350915,-0.63760272,-2.465855751,-0.688608035
59,Breast Cancer,0.213203238,0.25954222,0.279716372,-0.971135214,-0.021036288,-0.224595726,-0.072470822,Colorectal Male,0.474362768,-0.610053026,-1.191351635,-1.651963725,-0.240744377,0.001195709,0.478456161,0.019892884,0.598316756,-0.096544874,-0.017601764,-0.690707312
61,Breast Cancer,0.176541348,-0.546222903,0.62504189,-0.966091963,-0.027689302,-0.193912712,-0.065571477,Colorectal Male,0.462359718,-0.093693729,0.669116207,-1.879270859,-0.216677576,-0.084313386,0.417455805,0.004853808,0.912978158,-1.120434711,-1.747562171,-0.65095046
76.2,Breast Cancer,0.339198913,-0.069444296,2.00973938,0.335392694,0.030975558,0.269117183,0.112117836,Colorectal Male,0.202323112,0.082080498,2.307830373,-0.461660812,0.003739304,-0.182024298,-0.019128413,0.031261316,0.301146651,0.285036105,0.653281531,-0.682134916
77.2,Breast Cancer,0.19614693,-0.203105521,1.121268018,1.105975848,0.068455497,0.13369529,-0.040948425,Colorectal Male,0.349072637,0.456206109,1.325435817,-0.871521603,-0.128854429,0.306145593,0.33769581,0.097790948,0.496982759,-0.324025381,-0.105666845,-0.685170967
77.4,Breast Cancer,0.364115296,-0.142656499,2.831437927,0.177334131,0.123139443,-0.087407652,0.022907038,Colorectal Male,0.21252687,-0.253154227,1.751625869,-0.589371554,0.007811302,-0.015648866,0.118256058,0.010059482,0.201627012,0.088614247,0.516701814,-0.684694049
78.2p,Breast Cancer,0.231201649,-0.133235857,0.937613413,-0.153365955,-0.016031076,0.037822924,-0.002325177,Colorectal Male,0.37216611,0.049361207,1.203703308,-0.068280338,0.008344667,-0.315744251,-0.275107358,0.064198168,0.724861308,-2.860831704,-0.687588536,0.384706739
